ac	0	1711	1711	1211
ac2	2922	1168	4090	649
accessibility	4739	902	5641	788
accumulator	6429	2351	8780	1187
activity	9967	208	10175	336
add	10511	98	10609	208
add-circle	10817	141	10958	190
add-square	11148	149	11297	208
additem	11505	232	11737	332
address-book	12069	1221	13290	787
address-card	14077	1214	15291	746
airdrop	16037	408	16445	632
airplane	17077	481	17558	460
airplane-square	18018	487	18505	433
airpod	18938	377	19315	358
airpods	19673	350	20023	591
alarm	20614	497	21111	483
alarm-add	21594	515	22109	473
alarm-check	22582	785	23367	723
alarm-clock	24090	782	24872	716
alarm-clock-off	25588	999	26587	861
alarm-minus	27448	744	28192	672
alarm-off	28864	566	29430	512
alarm-pause	29942	1746	31688	633
alarm-play	32321	1227	33548	583
alarm-plus	34131	789	34920	724
alarm-remove	35644	448	36092	401
alarm-sleep	36493	552	37045	505
alarm-x	37550	888	38438	783
alarm3	39221	154	39375	358
album	39733	1439	41172	1092
alert	42264	1103	43367	393
alert-circle	43760	273	44033	218
alert-circle2	44251	365	44616	313
alert-square	44929	650	45579	258
alert-triangle	45837	724	46561	323
alert-triangle2	46884	380	47264	284
align-bottom	47548	1360	48908	453
align-bottom3	49361	190	49551	216
align-h-center	49767	1371	51138	447
align-h-spacing	51585	688	52273	293
align-horizontally	52566	254	52820	270
align-left	53090	1334	54424	483
align-left3	54907	187	55094	229
align-right	55323	1361	56684	498
align-right3	57182	188	57370	224
align-top	57594	1346	58940	484
align-v-center	59424	1395	60819	436
align-v-spacing	61255	700	61955	286
align-vertically	62241	255	62496	271
align3-bottom	62767	144	62911	106
align3-horizontal	63017	173	63190	108
align3-left	63298	179	63477	100
align3-right	63577	180	63757	106
align3-top	63863	139	64002	100
align3-vertical	64102	144	64246	105
anchor	64351	218	64569	453
angle-down	65022	167	65189	168
angle-down-circle	65357	375	65732	331
angle-down-square	66063	787	66850	512
angle-left	67362	166	67528	168
angle-left-circle	67696	380	68076	333
angle-left-square	68409	794	69203	517
angle-right	69720	168	69888	169
angle-right-circle	70057	379	70436	335
angle-right-square	70771	800	71571	517
angle-up	72088	167	72255	169
angle-up-circle	72424	378	72802	332
angle-up-square	73134	793	73927	511
angles-left	74438	231	74669	234
angles-left2	74903	233	75136	238
angles-right	75374	236	75610	234
angles-right2	75844	243	76087	244
aquarius	76331	143	76474	242
ar	76716	932	77648	526
archive	78174	1820	79994	495
archive-add	80489	253	80742	301
archive-book	81043	248	81291	468
archive-box	81759	1204	82963	1062
archive-check	84025	1325	85350	472
archive-down	85822	1301	87123	441
archive-down2	87564	1160	88724	615
archive-minus	89339	240	89579	242
archive-slash	89821	194	90015	321
archive-tick	90336	232	90568	313
archive-up	90881	1306	92187	437
archive-up2	92624	1168	93792	620
archive2	94412	1167	95579	613
archive2-newicons	96192	182	96374	284
archive4	96658	290	96948	514
armchair	97462	1116	98578	598
armchair2	99176	1404	100580	818
arrange-circle	101398	205	101603	371
arrange-circle2	101974	207	102181	353
arrange-square	102534	205	102739	374
arrange-square2	103113	202	103315	394
arrow	103709	163	103872	478
arrow-bottom	104350	199	104549	233
arrow-circle-down	104782	172	104954	199
arrow-circle-left	105153	172	105325	196
arrow-circle-right	105521	171	105692	195
arrow-door-in	105887	291	106178	486
arrow-door-out	106664	304	106968	372
arrow-dotted-rotate-anticlockwise	107340	283	107623	549
arrow-down	108172	241	108413	235
arrow-down-circle	108648	414	109062	365
arrow-down-left	109427	196	109623	190
arrow-down-left-circle	109813	417	110230	370
arrow-down-left-square	110600	840	111440	546
arrow-down-right	111986	178	112164	173
arrow-down-right-circle	112337	388	112725	343
arrow-down-right-square	113068	810	113878	520
arrow-down-square	114398	825	115223	541
arrow-down2	115764	214	115978	148
arrow-down2-newicons	116126	139	116265	259
arrow-down3	116524	205	116729	199
arrow-down3-newicons	116928	160	117088	226
arrow-down5	117314	145	117459	161
arrow-left	117620	224	117844	231
arrow-left-circle	118075	413	118488	365
arrow-left-down	118853	217	119070	236
arrow-left-square	119306	830	120136	546
arrow-left-up	120682	195	120877	204
arrow-left2	121081	211	121292	149
arrow-left2-newicons	121441	146	121587	259
arrow-left3	121846	209	122055	199
arrow-left3-newicons	122254	159	122413	230
arrow-left4	122643	205	122848	160
arrow-left5	123008	140	123148	240
arrow-right	123388	221	123609	233
arrow-right-circle	123842	418	124260	366
arrow-right-down	124626	196	124822	210
arrow-right-square	125032	833	125865	547
arrow-right-up	126412	210	126622	234
arrow-right2	126856	212	127068	149
arrow-right2-newicons	127217	146	127363	233
arrow-right3	127596	203	127799	203
arrow-right3-newicons	128002	161	128163	161
arrow-right4	128324	203	128527	256
arrow-right5	128783	140	128923	224
arrow-rotate	129147	422	129569	417
arrow-square	129986	257	130243	438
arrow-square-down	130681	160	130841	217
arrow-square-left	131058	160	131218	218
arrow-square-right	131436	159	131595	217
arrow-square-up	131812	161	131973	215
arrow-swap-horizontal	132188	152	132340	363
arrow-to-down-left	132703	315	133018	315
arrow-to-down-right	133333	314	133647	314
arrow-to-top-left	133961	312	134273	312
arrow-to-top-right	134585	307	134892	307
arrow-up	135199	220	135419	233
arrow-up-circle	135652	415	136067	368
arrow-up-left	136435	174	136609	167
arrow-up-left-circle	136776	391	137167	343
arrow-up-left-square	137510	807	138317	522
arrow-up-right	138839	195	139034	187
arrow-up-right-circle	139221	416	139637	372
arrow-up-right-square	140009	839	140848	548
arrow-up-square	141396	831	142227	542
arrow-up2	142769	210	142979	151
arrow-up2-newicons	143130	144	143274	159
arrow-up3	143433	203	143636	199
arrow-up3-newicons	143835	159	143994	240
arrow-up4	144234	204	144438	257
arrow-up5	144695	141	144836	228
arrow2	145064	153	145217	447
arrow3	145664	156	145820	403
arrows-down	146223	287	146510	325
arrows-left	146835	330	147165	331
arrows-right	147496	330	147826	328
arrows-rotate	148154	579	148733	566
arrows-up	149299	277	149576	326
aspect-ratio-square	149902	162	150064	212
asteroid	150276	778	151054	558
at	151612	484	152096	468
at-sign	152564	271	152835	495
atom	153330	1143	154473	802
attach-circle	155275	249	155524	460
attach-square	155984	252	156236	405
audio-square	156641	316	156957	366
autobrightness	157323	466	157789	525
award	158314	673	158987	706
award-certificate	159693	407	160100	446
award3	160546	463	161009	508
back-square	161517	222	161739	303
backpack	162042	793	162835	635
backspace	163470	1117	164587	449
backward	165036	330	165366	186
backward-item	165552	310	165862	340
backward-item2	166202	310	166512	310
backward-step	166822	343	167165	235
backward10-seconds	167400	280	167680	775
backward15-seconds	168455	276	168731	834
backward3	169565	273	169838	232
backward5-seconds	170070	252	170322	710
bacteria	171032	1824	172856	1681
badge-dollar	174537	1367	175904	1033
badge-percent	176937	868	177805	538
bag	178343	882	179225	426
bag-check	179651	1048	180699	580
bag-cross	181279	277	181556	583
bag-cross2	182139	316	182455	534
bag-happy	182989	281	183270	461
bag-heart	183731	1339	185070	529
bag-music	185599	1821	187420	1245
bag-music2	188665	1107	189772	628
bag-shopping	190400	253	190653	281
bag-smile	190934	1206	192140	565
bag-tick	192705	269	192974	478
bag-tick2	193452	330	193782	510
bag-timer	194292	321	194613	513
bag-x	195126	1044	196170	581
bag2	196751	1070	197821	596
bag2-newicons	198417	284	198701	450
bag3	199151	728	199879	429
bag4	200308	1155	201463	495
bag5	201958	1124	203082	431
bag7	203513	270	203783	468
ball-basket	204251	330	204581	1075
balloon	205656	758	206414	461
balls	206875	1540	208415	1448
ban	209863	314	210177	307
bandage	210484	776	211260	631
bandage2	211891	538	212429	464
bank	212893	627	213520	584
bank3	214104	321	214425	379
banknote	214804	931	215735	456
banknote2	216191	1243	217434	846
bar-stool	218280	639	218919	407
barcode	219326	193	219519	375
basket	219894	1263	221157	1039
basket-down	222196	1317	223513	1335
basket-shopping	224848	235	225083	356
basket-up	225439	1317	226756	1357
basketball	228113	1098	229211	1164
bath	230375	1351	231726	803
battery	232529	158	232687	214
battery-charge	232901	1240	234141	486
battery-charge2	234627	903	235530	468
battery-charging	235998	225	236223	495
battery-disable	236718	198	236916	426
battery-empty	237342	166	237508	362
battery-empty2	237870	188	238058	252
battery-full	238310	2127	240437	1397
battery-full2	241834	1789	243623	1382
battery-full4	245005	220	245225	517
battery-half	245742	1820	247562	1077
battery-half2	248639	1479	250118	1061
battery-high	251179	201	251380	265
battery-low	251645	1491	253136	716
battery-low2	253852	1153	255005	720
battery3full	255725	207	255932	445
bed	256377	1445	257822	768
bell	258590	518	259108	282
bell-alert	259390	723	260113	542
bell-off	260655	691	261346	488
bell-off2	261834	887	262721	643
bell-ring	263364	576	263940	366
benzene	264306	1296	265602	630
bezier	266232	463	266695	503
bezier2	267198	463	267661	463
bicycle	268124	338	268462	779
bill	269241	733	269974	478
bill-check	270452	1058	271510	587
bill-list	272097	1130	273227	627
bill-x	273854	1164	275018	582
bill2	275600	647	276247	375
bill4	276622	211	276833	299
bitcoin	277132	448	277580	441
bitcoin-card	278021	300	278321	478
bitcoin-circle	278799	592	279391	560
bitcoin-convert	279951	432	280383	788
bitcoin-refresh	281171	332	281503	822
black-hole	282325	3294	285619	2431
black-hole2	288050	2258	290308	1836
black-hole3	292144	707	292851	528
blend	293379	235	293614	295
blend2	293909	305	294214	924
bluetooth	295138	1136	296274	542
bluetooth-circle	296816	1142	297958	963
bluetooth-circle3	298921	263	299184	379
bluetooth-rectangle	299563	264	299827	388
bluetooth-square	300215	1283	301498	855
bluetooth-wave	302353	2164	304517	1540
bluetooth2	306057	305	306362	499
bluetooth3	306861	216	307077	407
blur	307484	1132	308616	677
blur2	309293	243	309536	243
blur3	309779	243	310022	544
body	310566	1607	312173	616
body-shape	312789	1174	313963	913
body-shape2	314876	1142	316018	893
bold	316911	306	317217	288
bold-circle	317505	393	317898	354
bold-square	318252	765	319017	389
bolt	319406	1465	320871	392
bolt-circle	321263	1189	322452	455
bolt-lightning	322907	235	323142	299
bolt-off	323441	1098	324539	684
bolt-slash	325223	284	325507	447
bomb	325954	480	326434	371
bomb2	326805	624	327429	537
bomb3	327966	586	328552	498
bone	329050	841	329891	341
bone-broken	330232	1505	331737	835
bone-crack	332572	1042	333614	543
bones	334157	1597	335754	481
bonfire	336235	1181	337416	637
book	338053	841	338894	646
book-bookmark	339540	1291	340831	777
book-bookmark2	341608	1134	342742	669
book-open	343411	693	344104	416
book-saved	344520	401	344921	428
book-square	345349	367	345716	317
book2	346033	986	347019	678
book2-newicons	347697	342	348039	439
book3	348478	880	349358	529
book4	349887	298	350185	237
book6	350422	212	350634	273
bookmark	350907	1113	352020	380
bookmark-add	352400	1113	353513	769
bookmark-check	354282	1129	355411	777
bookmark-circle	356188	1133	357321	359
bookmark-minus	357680	1053	358733	708
bookmark-open	359441	1552	360993	1100
bookmark-slash	362093	207	362300	316
bookmark-square	362616	1186	363802	826
bookmark-square2	364628	1132	365760	742
bookmark-x	366502	1178	367680	820
bookmark2	368500	990	369490	633
bookmark2-newicons	370123	251	370374	349
bookmark3	370723	1121	371844	763
bookmark5	372607	219	372826	389
bookmarks	373215	177	373392	286
boombox	373678	1312	374990	941
bottle	375931	1708	377639	1047
bowling	378686	429	379115	249
box	379364	1173	380537	446
box-add	380983	505	381488	825
box-archive	382313	217	382530	272
box-remove	382802	461	383263	884
box-search	384147	323	384470	626
box-tick	385096	513	385609	890
box-time	386499	422	386921	780
box2	387701	1063	388764	368
box2-newicons	389132	268	389400	621
box3	390021	580	390601	758
box3-newicons	391359	232	391591	1158
box5	392749	291	393040	397
branch-down	393437	848	394285	462
branch-up	394747	837	395584	454
briefcase	396038	1849	397887	1149
briefcase-dollar	399036	1935	400971	1592
briefcase2	402563	1436	403999	1242
briefcase3	405241	1639	406880	779
briefcase4	407659	1041	408700	698
briefcase5	409398	1789	411187	1222
briefcase7	412409	334	412743	752
brifecase-cross	413495	365	413860	965
brifecase-tick	414825	381	415206	898
brifecase-timer	416104	372	416476	890
broom	417366	964	418330	433
broom3	418763	359	419122	594
browser-code	419716	1027	420743	852
browser-terminal	421595	952	422547	810
brush	423357	452	423809	275
brush2	424084	476	424560	347
brush3	424907	337	425244	496
brush4	425740	270	426010	326
brush5	426336	281	426617	433
bubble	427050	297	427347	250
bucket	427597	303	427900	370
bucket-circle	428270	328	428598	292
bucket-circle2	428890	328	429218	328
bucket-square	429546	327	429873	317
bucket-square2	430190	327	430517	327
bug	430844	975	431819	773
bug-slash	432592	383	432975	557
bug2	433532	957	434489	803
building	435292	872	436164	643
building-coins	436807	1639	438446	1369
building2	439815	327	440142	450
building3	440592	366	440958	535
building4	441493	281	441774	418
buildings	442192	885	443077	519
buildings2	443596	1034	444630	717
buildings2-newicons	445347	318	445665	484
buildings3	446149	1232	447381	745
buildings5	448126	270	448396	347
bulb	448743	1316	450059	1018
bulb-bolt	451077	1351	452428	1031
bulb2	453459	586	454045	389
buliding	454434	172	454606	376
bullhorn	454982	655	455637	477
bullseye	456114	674	456788	602
bus	457390	1191	458581	612
bus3	459193	256	459449	651
buy-crypto	460100	265	460365	259
cabinet	460624	930	461554	776
cake	462330	384	462714	732
calculator	463446	1345	464791	561
calculator2	465352	984	466336	595
calculator3	466931	1106	468037	863
calculator5	468900	270	469170	844
calendar	470014	962	470976	537
calendar-add	471513	958	472471	449
calendar-add3	472920	332	473252	1058
calendar-check	474310	956	475266	838
calendar-circle	476104	255	476359	278
calendar-date	476637	1084	477721	567
calendar-day	478288	939	479227	772
calendar-days	479999	282	480281	301
calendar-edit	480582	356	480938	408
calendar-mark	481346	948	482294	385
calendar-minus	482679	884	483563	763
calendar-plus	484326	943	485269	818
calendar-remove	486087	337	486424	947
calendar-search	487371	983	488354	547
calendar-search3	488901	272	489173	395
calendar-tick	489568	370	489938	850
calendar-x	490788	996	491784	871
calendar2	492655	848	493503	322
calendar2-newicons	493825	396	494221	396
calendar3	494617	220	494837	685
calendar4	495522	239	495761	1008
call	496769	618	497387	697
call-add	498084	643	498727	811
call-calling	499538	671	500209	896
call-incoming	501105	640	501745	780
call-minus	502525	634	503159	752
call-outgoing	503911	639	504550	783
call-received	505333	640	505973	824
call-remove	506797	649	507446	889
call-slash	508335	649	508984	800
camera	509784	1107	510891	558
camera-add	511449	1111	512560	594
camera-add2	513154	1281	514435	493
camera-alt	514928	1058	515986	552
camera-off	516538	1537	518075	850
camera-record	518925	1301	520226	446
camera-rotate	520672	1281	521953	706
camera-slash	522659	335	522994	555
camera-square	523549	637	524186	248
camera2	524434	195	524629	245
camera3	524874	1161	526035	346
camera4	526381	319	526700	346
candle	527046	234	527280	284
candle2	527564	236	527800	264
car	528064	1567	529631	957
car3	530588	350	530938	496
card	531434	859	532293	349
card-add	532642	209	532851	529
card-coin	533380	294	533674	333
card-edit	534007	378	534385	717
card-pos	535102	293	535395	476
card-receive	535871	960	536831	591
card-receive3	537422	205	537627	583
card-remove	538210	335	538545	601
card-remove2	539146	224	539370	550
card-search	539920	965	540885	521
card-send	541406	959	542365	561
card-send3	542926	206	543132	585
card-slash	543717	240	543957	646
card-tick	544603	334	544937	517
card-tick2	545454	202	545656	500
card-transfer	546156	1099	547255	677
card2	547932	1568	549500	997
card4	550497	221	550718	287
cardholder	551005	950	551955	326
cards	552281	326	552607	489
caret-left	553096	257	553353	158
caret-left-circle	553511	517	554028	295
caret-left-square	554323	933	555256	477
caret-right	555733	254	555987	154
caret-right-circle	556141	519	556660	294
caret-right-square	556954	931	557885	477
carousel-h	558362	843	559205	293
carousel-v	559498	849	560347	292
cart	560639	1231	561870	665
cart-add	562535	1362	563897	721
cart-add2	564618	828	565446	683
cart-check	566129	1372	567501	760
cart-check2	568261	871	569132	725
cart-down	569857	785	570642	677
cart-large	571319	1283	572602	824
cart-large2	573426	1206	574632	721
cart-large3	575353	1269	576622	636
cart-large4	577258	1427	578685	783
cart-large5	579468	1233	580701	576
cart-minus	581277	781	582058	623
cart-shop	582681	635	583316	435
cart-shopping	583751	379	584130	526
cart-x	584656	1382	586038	760
cart-x2	586798	875	587673	724
cart2	588397	1411	589808	855
cart3	590663	1344	592007	811
cart4	592818	1167	593985	544
cart5	594529	1205	595734	538
cash-out	596272	1043	597315	603
cassette	597918	1234	599152	848
cassette2	600000	1368	601368	968
castle	602336	580	602916	368
cat	603284	2772	606056	1332
category	607388	258	607646	302
category2	607948	277	608225	318
cc	608543	906	609449	504
cd	609953	177	610130	135
chair	610265	1256	611521	429
chair2	611950	1690	613640	1025
chair3	614665	315	614980	455
chalkboard	615435	1005	616440	669
chandelier	617109	540	617649	362
chart	618011	611	618622	342
chart-bar	618964	362	619326	335
chart-bar-trend-up	619661	211	619872	268
chart-line	620140	305	620445	301
chart-pie	620746	450	621196	411
chart-square	621607	704	622311	309
chart-square3	622620	288	622908	309
chart-success	623217	166	623383	473
chart-trend	623856	575	624431	552
chart2	624983	2027	627010	390
chart2-newicons	627400	227	627627	326
chart3	627953	231	628184	265
chart4	628449	311	628760	271
chart5	629031	159	629190	226
chart6	629416	195	629611	222
chat	629833	1342	631175	623
chat-check	631798	1414	633212	775
chat-dots	633987	1294	635281	524
chat-line	635805	1269	637074	515
chat-minus	637589	1352	638941	707
chat-plus	639648	1417	641065	764
chat-round	641829	415	642244	223
chat-round-call	642467	561	643028	396
chat-round-check	643424	552	643976	383
chat-round-dots	644359	536	644895	338
chat-round-like	645233	859	646092	348
chat-round-line	646440	512	646952	355
chat-round-money	647307	697	648004	536
chat-round-unread	648540	650	649190	379
chat-round-video	649569	916	650485	354
chat-square	650839	1168	652007	386
chat-square-arrow	652393	1500	653893	1006
chat-square-call	654899	1327	656226	565
chat-square-check	656791	1304	658095	551
chat-square-code	658646	1745	660391	1001
chat-square-like	661392	1684	663076	517
chat-square2	663593	703	664296	308
chat-unread	664604	1137	665741	498
chat-x	666239	1473	667712	831
check	668543	176	668719	176
check-circle	668895	290	669185	244
check-list-notes	669429	613	670042	613
check-list-square	670655	1251	671906	956
check-read	672862	414	673276	463
check-square	673739	666	674405	277
check3	674682	245	674927	249
checklist	675176	902	676078	519
checklist-alt	676597	583	677180	583
chef-hat	677763	800	678563	281
chef-hat-heart	678844	1257	680101	407
chef-hat2	680508	825	681333	325
chevron-down	681658	120	681778	170
chevron-expand-y	681948	140	682088	203
chevron-left	682291	120	682411	171
chevron-right	682582	120	682702	167
chevron-up	682869	120	682989	170
chrome	683159	264	683423	536
circle-arrow-down	683959	302	684261	265
circle-arrow-down2	684526	278	684804	256
circle-arrow-left	685060	307	685367	262
circle-arrow-left-down	685629	302	685931	256
circle-arrow-left-up	686187	283	686470	238
circle-arrow-left2	686708	283	686991	240
circle-arrow-right	687231	304	687535	261
circle-arrow-right-down	687796	284	688080	237
circle-arrow-right-up	688317	304	688621	258
circle-arrow-right2	688879	280	689159	235
circle-arrow-up	689394	303	689697	261
circle-arrow-up2	689958	281	690239	255
circle-arrows-down	690494	351	690845	317
circle-arrows-left	691162	345	691507	306
circle-arrows-right	691813	353	692166	313
circle-arrows-up	692479	347	692826	318
circle-bottom-down	693144	296	693440	436
circle-bottom-up	693876	303	694179	412
circle-compose	694591	280	694871	494
circle-graph	695365	447	695812	322
circle-half-dotted-check	696134	245	696379	537
circle-hashtag	696916	186	697102	374
circle-info	697476	252	697728	252
circle-sort-h	697980	508	698488	457
circle-sort-v	698945	506	699451	452
circle-top-down	699903	314	700217	404
circle-top-up	700621	315	700936	397
circle-transfer-diag	701333	436	701769	360
circle-transfer-h	702129	451	702580	389
circle-transfer-v	702969	450	703419	400
city	703819	1767	705586	796
clapperboard	706382	774	707156	325
clapperboard-edit	707481	1449	708930	1040
clapperboard-open	709970	1379	711349	556
clapperboard-open-play	711905	1827	713732	701
clapperboard-play	714433	1404	715837	454
clapperboard-text	716291	882	717173	450
clipboard	717623	956	718579	482
clipboard-add	719061	951	720012	438
clipboard-check	720450	980	721430	474
clipboard-close	721904	229	722133	493
clipboard-export	722626	223	722849	440
clipboard-heart	723289	1295	724584	432
clipboard-import	725016	222	725238	429
clipboard-list	725667	1059	726726	594
clipboard-remove	727320	1004	728324	497
clipboard-slash	728821	309	729130	376
clipboard-text	729506	935	730441	436
clipboard-text3	730877	221	731098	415
clipboard-tick	731513	226	731739	418
clipboard3	732157	419	732576	446
clock	733022	370	733392	321
clock-circle	733713	266	733979	225
clock-square	734204	669	734873	267
clock2	735140	167	735307	492
clock3	735799	321	736120	213
close-circle	736333	157	736490	246
close-square	736736	163	736899	266
closet	737165	1102	738267	566
closet2	738833	800	739633	404
cloud	740037	598	740635	222
cloud-add	740857	351	741208	492
cloud-bolt	741700	1530	743230	760
cloud-bolt2	743990	883	744873	723
cloud-change	745596	247	745843	416
cloud-check	746259	816	747075	650
cloud-connect	747725	701	748426	430
cloud-connection	748856	282	749138	345
cloud-cross	749483	289	749772	531
cloud-down	750303	570	750873	365
cloud-download	751238	799	752037	682
cloud-drizzle	752719	294	753013	651
cloud-drop	753664	900	754564	417
cloud-drops	754981	1374	756355	676
cloud-file	757031	1465	758496	584
cloud-fog	759080	223	759303	330
cloud-lightning	759633	366	759999	459
cloud-minus	760458	721	761179	595
cloud-minus3	761774	274	762048	420
cloud-notif	762468	332	762800	401
cloud-plus	763201	785	763986	663
cloud-plus3	764649	281	764930	528
cloud-rain	765458	1042	766500	933
cloud-remove	767433	342	767775	551
cloud-snow	768326	975	769301	677
cloud-snow2	769978	917	770895	940
cloud-snow4	771835	299	772134	513
cloud-storage	772647	1267	773914	597
cloud-storm	774511	1159	775670	868
cloud-sun	776538	745	777283	344
cloud-sun2	777627	1243	778870	685
cloud-sunny	779555	387	779942	366
cloud-up	780308	598	780906	377
cloud-upload	781283	801	782084	677
cloud-x	782761	817	783578	679
cloud3	784257	260	784517	251
clouds	784768	1089	785857	457
code	786314	655	786969	655
code-circle	787624	753	788377	683
code-circle3	789060	183	789243	360
code-file	789603	1309	790912	739
code-scan	791651	3061	794712	1080
code-square	795792	1125	796917	725
code2	797642	758	798400	711
code2-newicons	799111	204	799315	319
code4	799634	252	799886	545
coffee	800431	235	800666	395
coin	801061	309	801370	536
coin2	801906	322	802228	502
coins	802730	1314	804044	1037
color-swatch	805081	638	805719	579
color-tuning	806298	678	806976	717
colorfilter	807693	341	808034	513
colors-square	808547	445	808992	529
colors-square2	809521	445	809966	445
command	810411	532	810943	288
command-square	811231	332	811563	338
command3	811901	232	812133	198
comment	812331	369	812700	186
comment-check	812886	500	813386	333
comment-dots	813719	493	814212	327
comment-minus	814539	432	814971	260
comment-plus	815231	478	815709	308
comment-x	816017	538	816555	357
compass	816912	873	817785	375
compass-square	818160	1203	819363	391
compass2	819754	909	820663	399
component	821062	179	821241	151
component2	821392	178	821570	178
compress	821748	1081	822829	788
computer	823617	321	823938	568
computing	824506	217	824723	390
confetti	825113	3638	828751	2832
confetti2	831583	2450	834033	2282
confused-circle	836315	620	836935	535
confused-square	837470	925	838395	575
convert	838970	214	839184	400
convert-card	839584	301	839885	403
convert-three-d-cube	840288	463	840751	1125
convertshape	841876	245	842121	439
convertshape2	842560	254	842814	448
cookie	843262	322	843584	431
copy	844015	869	844884	507
copy-success	845391	228	845619	366
copy3	845985	206	846191	257
copyright	846448	393	846841	340
copyright3	847181	193	847374	261
corkscrew	847635	848	848483	596
cosmetic	849079	513	849592	338
course-down	849930	634	850564	634
course-up	851198	592	851790	592
courthouse	852382	214	852596	527
cpu	853123	1391	854514	1384
cpu-bolt	855898	1617	857515	1473
cpu-charge	858988	306	859294	694
cpu-setting	859988	592	860580	1227
cpu3	861807	248	862055	753
creative-commons	862808	260	863068	361
credit-card	863429	917	864346	776
credit-card-off	865122	1169	866291	864
crop	867155	992	868147	636
crop2	868783	533	869316	629
crop4	869945	158	870103	329
crosshairs	870432	377	870809	337
crosshairs-off	871146	741	871887	807
crosshairs-slash	872694	315	873009	520
crown	873529	1876	875405	683
crown-star	876088	2941	879029	940
crown2	879969	1786	881755	540
crown2-newicons	882295	296	882591	341
crown3	882932	1652	884584	455
crown5	885039	233	885272	362
cryptography	885634	477	886111	964
cup	887075	1548	888623	653
cup-hot	889276	1336	890612	783
cup-music	891395	1725	893120	882
cup-paper	894002	1415	895417	478
cup-star	895895	2759	898654	1114
cup-trophy	899768	1659	901427	790
cup3	902217	395	902612	549
cursor	903161	1015	904176	317
cursor-square	904493	1459	905952	411
cycling	906363	1320	907683	1280
cycling2	908963	674	909637	632
danger	910269	228	910497	479
dark-light	910976	210	911186	240
data	911426	291	911717	381
data2	912098	353	912451	353
database	912804	563	913367	481
delivery	913848	1298	915146	623
descending-sorting	915769	173	915942	255
designtools	916197	597	916794	641
desktop	917435	1085	918520	760
desktop-arrow-down	919280	269	919549	604
desktop-download	920153	1256	921409	877
device-message	922286	407	922693	686
devices	923379	1318	924697	586
devices2	925283	658	925941	447
devices3	926388	542	926930	901
diagram	927831	183	928014	410
diagram-down	928424	871	929295	866
diagram-tree	930161	2190	932351	1343
diagram-up	933694	865	934559	865
dialog	935424	842	936266	530
dialog2	936796	1967	938763	1121
diamonds	939884	239	940123	202
diploma	940325	1951	942276	1055
diploma-check	943331	1510	944841	882
direct	945723	242	945965	450
direct-down	946415	210	946625	295
direct-inbox	946920	269	947189	500
direct-left	947689	198	947887	299
direct-normal	948186	223	948409	331
direct-notification	948740	274	949014	446
direct-right	949460	204	949664	296
direct-send	949960	269	950229	588
direct-up	950817	198	951015	292
directbox-default	951307	226	951533	530
directbox-notif	952063	257	952320	589
directbox-receive	952909	258	953167	720
directbox-send	953887	256	954143	706
discount-circle	954849	172	955021	239
discount-shape	955260	472	955732	540
discover	956272	186	956458	150
discover2	956608	239	956847	264
dislike	957111	799	957910	499
dislike3	958409	320	958729	380
display	959109	725	959834	305
dna	960139	872	961011	872
doc	961883	709	962592	293
doc-add	962885	1420	964305	1161
doc-medical	965466	824	966290	412
doc-text	966702	741	967443	331
doc2	967774	477	968251	355
docs	968606	1139	969745	652
docs2	970397	820	971217	441
document	971658	150	971808	203
document-cloud	972011	251	972262	453
document-code	972715	199	972914	366
document-code2	973280	189	973469	498
document-copy	973967	249	974216	392
document-download	974608	165	974773	426
document-favorite	975199	268	975467	355
document-filter	975822	369	976191	514
document-forward	976705	164	976869	445
document-like	977314	305	977619	284
document-normal	977903	200	978103	298
document-previous	978401	170	978571	471
document-sketch	979042	289	979331	371
document-text	979702	194	979896	358
document-text2	980254	161	980415	273
document-upload	980688	164	980852	467
document2	981319	148	981467	264
dollar	981731	467	982198	441
dollar-circle	982639	912	983551	862
dollar-circle3	984413	279	984692	565
dollar-down	985257	1129	986386	1131
dollar-reload	987517	1262	988779	1269
dollar-sign	990048	729	990777	734
dollar-square	991511	281	991792	471
dollar-up	992263	1133	993396	1116
dollar2	994512	437	994949	394
donut	995343	1743	997086	1683
donut2	998769	2170	1000939	1969
download	1002908	919	1003827	503
download-square	1004330	756	1005086	373
download-square2	1005459	900	1006359	510
download2	1006869	563	1007432	563
download3	1007995	618	1008613	607
draw-compass	1009220	274	1009494	627
driver	1010121	249	1010370	414
driver-refresh	1010784	254	1011038	818
driver2	1011856	177	1012033	434
driving	1012467	431	1012898	819
drop	1013717	443	1014160	338
drop3	1014498	191	1014689	285
droplet	1014974	333	1015307	205
dropper	1015512	1181	1016693	849
dropper2	1017542	1463	1019005	947
dropper3	1019952	1465	1021417	934
dropper4	1022351	985	1023336	472
dropper5	1023808	979	1024787	445
drops	1025232	773	1026005	287
dumbbell	1026292	1627	1027919	369
dumbbell2	1028288	2482	1030770	692
dumbbell3	1031462	1674	1033136	755
dumbbell4	1033891	1222	1035113	435
dumbbells	1035548	4204	1039752	1245
dumbbells2	1040997	4289	1045286	1212
earbuds	1046498	916	1047414	549
earbuds-case	1047963	905	1048868	416
earbuds-case-charge	1049284	994	1050278	505
earbuds-case-open	1050783	1244	1052027	493
earbuds-case2	1052520	783	1053303	309
earbuds-charge	1053612	1219	1054831	826
earbuds-check	1055657	1166	1056823	770
earbuds-left	1057593	790	1058383	654
earbuds-remove	1059037	1187	1060224	804
earbuds-right	1061028	1028	1062056	743
earth	1062799	1288	1064087	934
edit	1065021	294	1065315	487
edit2	1065802	273	1066075	617
electricity	1066692	190	1066882	198
element	1067080	258	1067338	226
element-equal	1067564	287	1067851	314
element-plus	1068165	296	1068461	334
element2	1068795	273	1069068	226
element3	1069294	306	1069600	269
element4	1069869	299	1070168	276
emoji-circle	1070444	706	1071150	563
emoji-happy	1071713	303	1072016	279
emoji-normal	1072295	239	1072534	338
emoji-sad	1072872	242	1073114	343
emoji-square	1073457	1241	1074698	679
empty-wallet	1075377	409	1075786	497
empty-wallet-add	1076283	577	1076860	1174
empty-wallet-change	1078034	514	1078548	1007
empty-wallet-remove	1079555	580	1080135	817
empty-wallet-tick	1080952	578	1081530	762
empty-wallet-time	1082292	534	1082826	726
envelope	1083552	887	1084439	453
envelope-check	1084892	1070	1085962	877
envelope-left	1086839	1112	1087951	956
envelope-open	1088907	1418	1090325	866
envelope-open2	1091191	1385	1092576	1003
envelope-right	1093579	1111	1094690	969
envelope-unread	1095659	1033	1096692	551
envelope2	1097243	995	1098238	850
envelopes	1099088	1406	1100494	1043
eraser	1101537	722	1102259	294
eraser-circle	1102553	757	1103310	294
eraser-square	1103604	1140	1104744	337
eraser2	1105081	247	1105328	375
eraser3	1105703	262	1105965	276
eraser4	1106241	247	1106488	247
ethereum	1106735	443	1107178	335
ethereum-circle	1107513	501	1108014	438
euro	1108452	564	1109016	513
euro-circle	1109529	868	1110397	822
euro2	1111219	694	1111913	676
ev-charge	1112589	1076	1113665	765
exit	1114430	1216	1115646	468
exit-fullscreen	1116114	722	1116836	722
exit-fullscreen-circle	1117558	882	1118440	927
exit-fullscreen-square	1119367	1258	1120625	975
exit-pip	1121600	1157	1122757	519
expand	1123276	330	1123606	916
explicit	1124522	677	1125199	298
export	1125497	297	1125794	359
export2	1126153	168	1126321	227
export3	1126548	225	1126773	246
export4	1127019	168	1127187	289
export5	1127476	154	1127630	309
external-drive	1127939	177	1128116	382
eye	1128498	600	1129098	303
eye-closed	1129401	235	1129636	493
eye-off	1130129	1118	1131247	1102
eye-off2	1132349	855	1133204	616
eye-open	1133820	252	1134072	475
eye-scan	1134547	1383	1135930	1085
eye-slash	1137015	354	1137369	627
eye3	1137996	237	1138233	327
face-frown	1138560	630	1139190	582
face-plus	1139772	384	1140156	478
face-scan-circle	1140634	817	1141451	863
face-scan-square	1142314	979	1143293	1183
face-smile	1144476	628	1145104	583
face-smile2	1145687	195	1145882	311
facial-recognition	1146193	299	1146492	440
fast-forward	1146932	252	1147184	217
fast-forward-circle	1147401	493	1147894	373
fatrows	1148267	213	1148480	178
favorite-chart	1148658	435	1149093	714
feather	1149807	214	1150021	470
feed	1150491	1196	1151687	345
female	1152032	325	1152357	241
ferris-wheel	1152598	1127	1153725	1113
figma	1154838	550	1155388	380
figma-file	1155768	1377	1157145	781
file	1157926	1000	1158926	445
file-check	1159371	1175	1160546	604
file-content	1161150	303	1161453	300
file-down	1161753	1073	1162826	777
file-download	1163603	1184	1164787	603
file-error	1165390	1813	1167203	724
file-left	1167927	1180	1169107	600
file-minus	1169707	971	1170678	683
file-pdf	1171361	1133	1172494	1064
file-plus	1173558	1039	1174597	740
file-remove	1175337	1159	1176496	586
file-right	1177082	1178	1178260	604
file-send	1178864	1178	1180042	601
file-smile	1180643	1234	1181877	655
file-star	1182532	2502	1185034	912
file-text	1185946	1119	1187065	549
file-up	1187614	1096	1188710	778
file-zip	1189488	1162	1190650	1085
files	1191735	252	1191987	310
film	1192297	1011	1193308	980
filter	1194288	1465	1195753	414
filter-add	1196167	446	1196613	523
filter-edit	1197136	386	1197522	549
filter-remove	1198071	482	1198553	579
filter-search	1199132	342	1199474	446
filter-square	1199920	309	1200229	431
filter-tick	1200660	471	1201131	549
filter3	1201680	275	1201955	344
filters	1202299	492	1202791	312
finger-cricle	1203103	295	1203398	286
finger-scan	1203684	316	1204000	881
fingerprint	1204881	762	1205643	738
fire	1206381	1260	1207641	425
fire-square	1208066	1097	1209163	326
fire2	1209489	509	1209998	228
firstline	1210226	179	1210405	301
flag	1210706	465	1211171	287
flag-banner	1211458	275	1211733	208
flag2	1211941	233	1212174	226
flag2-ui	1212400	647	1213047	370
flag3	1213417	148	1213565	184
flag4	1213749	183	1213932	253
flame	1214185	1096	1215281	399
flash	1215680	249	1215929	335
flash-circle	1216264	284	1216548	199
flash-circle2	1216747	284	1217031	220
flash-circle3	1217251	273	1217524	273
flash-drive	1217797	1474	1219271	790
flash-slash	1220061	248	1220309	327
flash2	1220636	228	1220864	196
flashlight	1221060	1301	1222361	422
flashlight-on	1222783	1163	1223946	569
flask	1224515	597	1225112	513
flip-h	1225625	1789	1227414	528
flip-v	1227942	1800	1229742	529
floor-lamp	1230271	1320	1231591	781
floor-lamp2	1232372	1045	1233417	586
floppy	1234003	1116	1235119	687
floppy2	1235806	1087	1236893	759
fog	1237652	818	1238470	387
folder	1238857	1142	1239999	448
folder-add	1240447	1191	1241638	549
folder-add3	1242187	208	1242395	403
folder-bookmark	1242798	1429	1244227	706
folder-check	1244933	1242	1246175	543
folder-cloud	1246718	1541	1248259	535
folder-cloud3	1248794	264	1249058	373
folder-connect	1249431	836	1250267	602
folder-connection	1250869	289	1251158	333
folder-cross	1251491	217	1251708	453
folder-down	1252161	1298	1253459	769
folder-error	1254228	1231	1255459	539
folder-favorite	1255998	289	1256287	366
folder-files	1256653	1238	1257891	619
folder-link	1258510	1413	1259923	662
folder-lock	1260585	1229	1261814	540
folder-minus	1262354	1204	1263558	661
folder-minus3	1264219	196	1264415	336
folder-move	1264751	1305	1266056	543
folder-open	1266599	1741	1268340	895
folder-open3	1269235	364	1269599	504
folder-plus	1270103	1252	1271355	723
folder-remove	1272078	1135	1273213	447
folder-star	1273660	2537	1276197	840
folder-up	1277037	1311	1278348	770
folder2	1279118	1153	1280271	421
folder2-newicons	1280692	199	1280891	370
folder4	1281261	175	1281436	274
food-tray	1281710	975	1282685	636
football	1283321	2132	1285453	1952
forbidden	1287405	660	1288065	340
forbidden-circle	1288405	308	1288713	170
forbidden2	1288883	250	1289133	311
forbidden3	1289444	244	1289688	369
fork-knife	1290057	923	1290980	854
forklift	1291834	318	1292152	403
format-circle	1292555	555	1293110	864
format-square	1293974	421	1294395	624
forward	1295019	314	1295333	314
forward-item	1295647	317	1295964	375
forward-item2	1296339	317	1296656	317
forward-left	1296973	1082	1298055	627
forward-right	1298682	849	1299531	387
forward-right2	1299918	1048	1300966	617
forward-square	1301583	222	1301805	306
forward-step	1302111	347	1302458	240
forward10-seconds	1302698	292	1302990	771
forward10s	1303761	610	1304371	656
forward15-seconds	1305027	288	1305315	823
forward15s	1306138	693	1306831	717
forward2	1307548	324	1307872	324
forward4	1308196	273	1308469	226
forward5-seconds	1308695	263	1308958	607
forward5s	1309565	555	1310120	571
frame	1310691	173	1310864	278
frame2	1311142	152	1311294	334
frame3	1311628	224	1311852	319
frame4	1312171	167	1312338	228
frame5	1312566	243	1312809	225
frame6	1313034	185	1313219	176
fridge	1313395	821	1314216	418
fuel	1314634	1974	1316608	673
fullscreen	1317281	731	1318012	731
fullscreen-circle	1318743	886	1319629	858
fullscreen-square	1320487	1255	1321742	903
fx	1322645	805	1323450	418
gallery	1323868	949	1324817	771
gallery-add	1325588	916	1326504	918
gallery-add3	1327422	294	1327716	569
gallery-check	1328285	947	1329232	914
gallery-circle	1330146	547	1330693	348
gallery-download	1331041	931	1331972	941
gallery-edit	1332913	1525	1334438	1308
gallery-edit3	1335746	450	1336196	703
gallery-export	1336899	287	1337186	586
gallery-favorite	1337772	375	1338147	551
gallery-import	1338698	287	1338985	580
gallery-remove	1339565	971	1340536	944
gallery-remove3	1341480	309	1341789	542
gallery-send	1342331	937	1343268	941
gallery-slash	1344209	312	1344521	657
gallery-star	1345178	1259	1346437	890
gallery-tick	1347327	295	1347622	496
gallery-wide	1348118	1317	1349435	989
gallery2	1350424	937	1351361	497
gallery3	1351858	1115	1352973	614
gallery5	1353587	278	1353865	366
game	1354231	280	1354511	671
gameboy	1355182	1425	1356607	653
gameboy3	1357260	266	1357526	447
gamepad	1357973	1466	1359439	799
gamepad-buttons	1360238	383	1360621	570
gamepad-charge	1361191	1573	1362764	947
gamepad-low	1363711	1376	1365087	955
gamepad2	1366042	1183	1367225	721
gamepad3	1367946	1128	1369074	516
gamepad4	1369590	500	1370090	434
gaming-buttons	1370524	283	1370807	358
garage	1371165	781	1371946	698
gas-pump	1372644	287	1372931	459
gas-station	1373390	1733	1375123	717
gas-station3	1375840	249	1376089	334
gauge	1376423	372	1376795	974
gear	1377769	941	1378710	525
gear2	1379235	299	1379534	655
gem-sparkle	1380189	527	1380716	581
gemini	1381297	204	1381501	771
gemini2	1382272	186	1382458	582
ghost	1383040	535	1383575	350
ghost-smile	1383925	677	1384602	488
ghost3	1385090	329	1385419	351
gift	1385770	983	1386753	578
gift2	1387331	1446	1388777	1090
gift4	1389867	389	1390256	493
glass	1390749	291	1391040	334
glass2	1391374	239	1391613	339
glasses	1391952	950	1392902	800
glasses2	1393702	664	1394366	524
global	1394890	223	1395113	819
global-edit	1395932	359	1396291	943
global-refresh	1397234	313	1397547	1134
global-search	1398681	271	1398952	867
globe	1399819	1125	1400944	765
globe-pointer	1401709	401	1402110	1430
globe2	1403540	1399	1404939	1365
globe3	1406304	802	1407106	1419
golf	1408525	887	1409412	489
gps	1409901	370	1410271	354
gps-slash	1410625	265	1410890	514
gps3	1411404	203	1411607	249
grad-cap	1411856	941	1412797	590
graduation-cap	1413387	321	1413708	437
grammerly	1414145	203	1414348	262
graph	1414610	1062	1415672	674
graph-down	1416346	768	1417114	381
graph-down2	1417495	822	1418317	507
graph-up	1418824	780	1419604	397
graph-up2	1420001	849	1420850	517
graph2	1421367	1139	1422506	787
graph4	1423293	248	1423541	417
grid	1423958	2213	1426171	1063
grid-circle-plus	1427234	169	1427403	183
grid-edit	1427586	326	1427912	605
grid-eraser	1428517	283	1428800	612
grid-lock	1429412	255	1429667	634
grid10	1430301	139	1430440	130
grid2	1430570	165	1430735	214
grid3	1430949	146	1431095	155
grid4	1431250	155	1431405	172
grid5	1431577	136	1431713	129
grid6	1431842	145	1431987	145
grid7	1432132	150	1432282	178
grid8	1432460	146	1432606	147
grid9	1432753	173	1432926	195
group	1433121	293	1433414	365
group10	1433779	243	1434022	243
group11	1434265	283	1434548	283
group12	1434831	267	1435098	267
group2	1435365	301	1435666	519
group3	1436185	287	1436472	287
group4	1436759	269	1437028	269
group5	1437297	287	1437584	287
group6	1437871	269	1438140	269
group7	1438409	376	1438785	376
group8	1439161	383	1439544	383
group9	1439927	241	1440168	241
half-dotted-circle-play	1440409	300	1440709	538
hand	1441247	282	1441529	256
hand-dollar	1441785	1164	1442949	992
hand-heart	1443941	1348	1445289	552
hand-money	1445841	2193	1448034	788
hand-pills	1448822	1225	1450047	682
hand-stars	1450729	4600	1455329	1735
handshake	1457064	1203	1458267	940
hanger	1459207	712	1459919	712
hanger2	1460631	1256	1461887	856
happyemoji	1462743	190	1462933	234
hard-drive	1463167	743	1463910	487
hashtag	1464397	466	1464863	466
hashtag-chat	1465329	1402	1466731	768
hashtag-circle	1467499	515	1468014	482
hashtag-down	1468496	205	1468701	782
hashtag-square	1469483	891	1470374	524
hashtag-up	1470898	206	1471104	785
hashtag2	1471889	121	1472010	305
hashtag3	1472315	194	1472509	439
hd	1472948	850	1473798	459
headphone	1474257	276	1474533	388
headphones	1474921	1737	1476658	713
headphones-sound	1477371	1649	1479020	931
headphones-sound2	1479951	1884	1481835	1167
headphones2	1483002	2051	1485053	970
headphones3	1486023	1095	1487118	556
headphones5	1487674	606	1488280	627
headset	1488907	335	1489242	461
health	1489703	696	1490399	333
health3	1490732	264	1490996	389
heart	1491385	667	1492052	154
heart-add	1492206	333	1492539	517
heart-broken	1493056	848	1493904	425
heart-circle	1494329	723	1495052	287
heart-circle3	1495339	246	1495585	189
heart-edit	1495774	355	1496129	311
heart-hand	1496440	403	1496843	569
heart-lock	1497412	928	1498340	471
heart-off	1498811	737	1499548	448
heart-pulse	1499996	1260	1501256	909
heart-pulse2	1502165	1112	1503277	733
heart-remove	1504010	368	1504378	578
heart-search	1504956	277	1505233	386
heart-shine	1505619	1116	1506735	632
heart-slash	1507367	264	1507631	416
heart-square	1508047	1145	1509192	474
heart-tick	1509666	362	1510028	471
heart-unlock	1510499	935	1511434	484
heart2	1511918	703	1512621	266
heart3	1512887	407	1513294	226
heart5	1513520	195	1513715	197
hearts	1513912	1071	1514983	446
help	1515429	434	1515863	324
help-circle	1516187	450	1516637	444
help-square	1517081	841	1517922	491
hierarchy	1518413	279	1518692	392
hierarchy-square	1519084	376	1519460	419
hierarchy-square2	1519879	366	1520245	364
hierarchy-square3	1520609	373	1520982	364
hierarchy2	1521346	290	1521636	399
hierarchy3	1522035	238	1522273	282
hiking	1522555	1766	1524321	1690
hiking2	1526011	1056	1527067	974
hiking3	1528041	1303	1529344	1224
history	1530568	538	1531106	538
history2	1531644	622	1532266	622
history3	1532888	1413	1534301	1417
home	1535718	993	1536711	338
home-add	1537049	1066	1538115	396
home-add2	1538511	1123	1539634	478
home-check	1540112	999	1541111	600
home-hashtag	1541711	281	1541992	453
home-smile	1542445	1081	1543526	430
home-smile2	1543956	1146	1545102	479
home-trend-down	1545581	243	1545824	463
home-trend-up	1546287	246	1546533	454
home-user	1546987	1154	1548141	657
home-wifi	1548798	1281	1550079	627
home-wifi2	1550706	1315	1552021	670
home-wifi3	1552691	1258	1553949	867
home-wifi5	1554816	325	1555141	563
home-x	1555704	1044	1556748	641
home2	1557389	993	1558382	339
home2-newicons	1558721	248	1558969	234
home3	1559203	1054	1560257	398
home3-newicons	1560655	216	1560871	256
home4	1561127	1032	1562159	385
home5	1562544	802	1563346	762
home6	1564108	1779	1565887	849
home8	1566736	233	1566969	258
hospital	1567227	1227	1568454	708
hospital-circle	1569162	370	1569532	323
hospital3	1569855	205	1570060	283
hot-drink	1570343	343	1570686	606
hourglass	1571292	859	1572151	282
hourglass2	1572433	968	1573401	406
house	1573807	243	1574050	234
house-alt	1574284	373	1574657	373
house2	1575030	268	1575298	365
house3	1575663	263	1575926	357
hq	1576283	1344	1577627	878
icon	1578505	532	1579037	532
icon2	1579569	519	1580088	519
icon3	1580607	556	1581163	556
icon4	1581719	627	1582346	627
image	1582973	1221	1584194	788
image-check	1584982	1192	1586174	1016
image-depth	1587190	300	1587490	357
image-down	1587847	1231	1589078	1141
image-minus	1590219	1169	1591388	1069
image-mountain	1592457	251	1592708	235
image-plus	1592943	1195	1594138	1095
image-sparkle	1595233	325	1595558	391
image-up	1595949	1226	1597175	1115
image3	1598290	301	1598591	377
images	1598968	304	1599272	353
import	1599625	292	1599917	330
import2	1600247	154	1600401	241
import3	1600642	162	1600804	222
import4	1601026	293	1601319	293
import5	1601612	172	1601784	260
inbox	1602044	1176	1603220	598
inbox-archive	1603818	1461	1605279	682
inbox-arrow-down	1605961	356	1606317	457
inbox-in	1606774	1409	1608183	889
inbox-out	1609072	1379	1610451	902
inbox-unread	1611353	1341	1612694	668
inbox2	1613362	1281	1614643	691
incognito	1615334	849	1616183	430
industry	1616613	342	1616955	483
infinite	1617438	690	1618128	690
info-circle	1618818	276	1619094	214
info-circle3	1619308	150	1619458	534
info-square	1619992	653	1620645	262
information	1620907	453	1621360	529
instagram	1621889	192	1622081	331
invoice	1622412	1744	1624156	1415
iphone	1625571	969	1626540	496
italic	1627036	267	1627303	254
italic-circle	1627557	360	1627917	306
italic-square	1628223	736	1628959	349
judge	1629308	254	1629562	407
kaaba	1629969	1334	1631303	1378
kanban	1632681	214	1632895	177
key	1633072	1546	1634618	446
key-square	1635064	1214	1636278	589
key-square2	1636867	1371	1638238	922
key-square3	1639160	756	1639916	388
key-square4	1640304	1984	1642288	516
key-square5	1642804	2026	1644830	910
key-square6	1645740	954	1646694	654
key-square8	1647348	329	1647677	366
key2	1648043	829	1648872	494
key3	1649366	508	1649874	365
key5	1650239	349	1650588	366
keyboard	1650954	1015	1651969	564
keyboard-open	1652533	302	1652835	364
keyboard3	1653199	251	1653450	352
ladle	1653802	617	1654419	429
lamp	1654848	1069	1655917	473
lamp-charge	1656390	326	1656716	560
lamp-on	1657276	261	1657537	376
lamp-slash	1657913	298	1658211	565
lamp2	1658776	205	1658981	287
lamp3	1659268	210	1659478	217
language	1659695	777	1660472	755
language-circle	1661227	221	1661448	330
language-square	1661778	220	1661998	346
laptop	1662344	1549	1663893	505
laptop-code	1664398	832	1665230	754
laptop-download	1665984	837	1666821	747
laptop-mobile	1667568	248	1667816	352
laptop2	1668168	714	1668882	367
laptop3	1669249	993	1670242	336
laptop4	1670578	768	1671346	378
layer	1671724	284	1672008	567
layers	1672575	1320	1673895	562
layers-alt	1674457	1047	1675504	780
layers2	1676284	1617	1677901	1365
layers2-ui	1679266	268	1679534	292
layout	1679826	805	1680631	617
leaf	1681248	554	1681802	348
level	1682150	232	1682382	225
library	1682607	1118	1683725	629
life-ring	1684354	529	1684883	413
lifebuoy	1685296	241	1685537	822
lightbulb	1686359	328	1686687	683
lightning	1687370	1344	1688714	794
like	1689508	816	1690324	509
like-dislike	1690833	542	1691375	577
like-shapes	1691952	631	1692583	646
like-tag	1693229	470	1693699	386
like2	1694085	316	1694401	375
like3	1694776	339	1695115	271
link	1695386	599	1695985	599
link-broken	1696584	734	1697318	734
link-broken2	1698052	730	1698782	270
link-circle	1699052	295	1699347	404
link-circle3	1699751	346	1700097	575
link-off	1700672	598	1701270	598
link-square	1701868	907	1702775	1082
link-square3	1703857	331	1704188	536
link2	1704724	337	1705061	337
link2-newicons	1705398	171	1705569	349
link3	1705918	408	1706326	408
link3-newicons	1706734	173	1706907	316
link4	1707223	459	1707682	459
link4-newicons	1708141	228	1708369	395
link5	1708764	648	1709412	648
link6	1710060	441	1710501	423
link8	1710924	214	1711138	374
list	1711512	431	1711943	431
list-arrow-down	1712374	389	1712763	386
list-arrow-down2	1713149	364	1713513	363
list-arrow-up	1713876	396	1714272	396
list-arrow-up2	1714668	366	1715034	366
list-check	1715400	430	1715830	434
list-check2	1716264	391	1716655	393
list-check3	1717048	1208	1718256	907
list-down	1719163	374	1719537	374
list-down2	1719911	341	1720252	353
list-heart	1720605	714	1721319	365
list-heart2	1721684	726	1722410	335
list-square	1722745	933	1723678	636
list-up	1724314	378	1724692	378
list-up2	1725070	345	1725415	345
list-x	1725760	411	1726171	411
list-x2	1726582	366	1726948	366
list3	1727314	337	1727651	341
loader	1727992	237	1728229	348
location	1728577	227	1728804	359
location-add	1729163	206	1729369	310
location-alt	1729679	244	1729923	241
location-cross	1730164	221	1730385	367
location-minus	1730752	193	1730945	246
location-slash	1731191	264	1731455	407
location-tick	1731862	197	1732059	295
lock	1732354	698	1733052	295
lock-circle	1733347	273	1733620	288
lock-keyhole	1733908	796	1734704	335
lock-keyhole-open	1735039	839	1735878	372
lock-keyhole-open2	1736250	791	1737041	382
lock-keyhole2	1737423	755	1738178	348
lock-open	1738526	735	1739261	307
lock-open2	1739568	209	1739777	258
lock-password	1740035	829	1740864	406
lock-password-open	1741270	868	1742138	444
lock-slash	1742582	265	1742847	848
lock2	1743695	835	1744530	514
lock2-newicons	1745044	220	1745264	543
lock4	1745807	201	1746008	333
login	1746341	301	1746642	358
login2	1747000	930	1747930	542
login2-newicons	1748472	159	1748631	270
login3	1748901	1159	1750060	763
login4	1750823	632	1751455	626
login6	1752081	220	1752301	297
logout	1752598	297	1752895	359
logout2	1753254	925	1754179	538
logout2-newicons	1754717	170	1754887	308
logout3	1755195	1249	1756444	772
logout4	1757216	631	1757847	632
logout6	1758479	220	1758699	299
lovely	1758998	398	1759396	410
magic-star	1759806	370	1760176	428
magic-wand	1760604	224	1760828	514
magicpen	1761342	294	1761636	724
magnet	1762360	339	1762699	208
magnet-wave	1762907	1308	1764215	1288
magnifier	1765503	172	1765675	260
magnifier-face-worried	1765935	343	1766278	376
mailbox	1766654	798	1767452	645
main-component	1768097	206	1768303	405
main-component2	1768708	206	1768914	206
male	1769120	303	1769423	240
man	1769663	178	1769841	242
map	1770083	348	1770431	287
map-alt	1770718	516	1771234	395
map-arrow-down	1771629	440	1772069	187
map-arrow-left	1772256	430	1772686	186
map-arrow-right	1772872	431	1773303	186
map-arrow-square	1773489	1087	1774576	298
map-arrow-up	1774874	437	1775311	182
map-point	1775493	1661	1777154	688
map-point2	1777842	908	1778750	383
map2	1779133	1593	1780726	691
map2-newicons	1781417	312	1781729	411
map4	1782140	327	1782467	465
mask	1782932	253	1783185	568
mask-circle	1783753	567	1784320	464
mask-happy	1784784	1483	1786267	963
mask-sad	1787230	1480	1788710	1007
mask-square	1789717	1004	1790721	665
mask2	1791386	186	1791572	142
mask3	1791714	186	1791900	248
mask4	1792148	263	1792411	263
masks	1792674	2790	1795464	1838
math	1797302	174	1797476	523
maximize	1797999	309	1798308	309
maximize-circle	1798617	218	1798835	655
maximize-square	1799490	693	1800183	308
maximize-square2	1800491	912	1801403	532
maximize-square3	1801935	1328	1803263	598
maximize-square4	1803861	766	1804627	387
maximize2	1805014	218	1805232	422
maximize3	1805654	178	1805832	551
maximize4	1806383	161	1806544	286
maximize5	1806830	130	1806960	365
maximize6	1807325	166	1807491	397
maximize7	1807888	219	1808107	295
medal	1808402	861	1809263	346
medal-circle	1809609	1980	1811589	696
medal-square	1812285	2607	1814892	837
medal-star	1815729	2329	1818058	826
medal-star3	1818884	628	1819512	643
medal-stars	1820155	2939	1823094	1037
medal2	1824131	2171	1826302	787
medal4	1827089	232	1827321	257
medical-kit	1827578	1159	1828737	707
meditation	1829444	1351	1830795	1272
meditation2	1832067	1535	1833602	1465
meh-circle	1835067	315	1835382	265
meh-square	1835647	698	1836345	305
memo	1836650	936	1837586	592
memo-check	1838178	1099	1839277	835
memo-minus	1840112	1008	1841120	740
memo-plus	1841860	1056	1842916	795
memo-x	1843711	1106	1844817	831
mention-circle	1845648	552	1846200	501
mention-square	1846701	937	1847638	546
menu	1848184	234	1848418	297
menu-board	1848715	327	1849042	704
menu-circle	1849746	389	1850135	330
menu-square	1850465	803	1851268	512
menu2	1851780	209	1851989	190
menu2-newicons	1852179	328	1852507	245
menu4	1852752	95	1852847	287
message	1853134	957	1854091	529
message-add	1854620	451	1855071	594
message-add2	1855665	171	1855836	209
message-check	1856045	1021	1857066	677
message-circle	1857743	329	1858072	248
message-dots	1858320	1041	1859361	691
message-edit	1860052	317	1860369	462
message-favorite	1860831	349	1861180	440
message-minus	1861620	956	1862576	608
message-minus3	1863184	161	1863345	163
message-notif	1863508	295	1863803	406
message-plus	1864209	1018	1865227	666
message-programming	1865893	273	1866166	477
message-question	1866643	296	1866939	395
message-remove	1867334	462	1867796	571
message-search	1868367	295	1868662	296
message-square	1868958	338	1869296	268
message-text	1869564	168	1869732	201
message-text2	1869933	224	1870157	270
message-tick	1870427	437	1870864	483
message-time	1871347	393	1871740	482
message-x	1872222	1077	1873299	726
message2	1874025	201	1874226	210
message3	1874436	250	1874686	285
messages	1874971	324	1875295	356
messages2	1875651	395	1876046	452
messages3	1876498	361	1876859	352
messages4	1877211	373	1877584	305
mic	1877889	402	1878291	368
mic-off	1878659	683	1879342	607
mic2	1879949	457	1880406	440
mic3	1880846	420	1881266	405
mic4	1881671	1091	1882762	1071
microchip	1883833	1591	1885424	1286
microphone	1886710	209	1886919	238
microphone-slash	1887157	278	1887435	505
microphone-slash2	1887940	271	1888211	570
microphone-slash3	1888781	274	1889055	590
microphone2	1889645	258	1889903	503
microphone3	1890406	234	1890640	479
microscope	1891119	322	1891441	407
milk	1891848	345	1892193	350
mini-music-sqaure	1892543	340	1892883	648
minimize	1893531	312	1893843	312
minimize-square	1894155	742	1894897	329
minimize-square2	1895226	931	1896157	549
minimize-square3	1896706	1327	1898033	604
minimize-square4	1898637	767	1899404	385
minus	1899789	117	1899906	107
minus-circle	1900013	232	1900245	172
minus-cirlce	1900417	152	1900569	153
minus-square	1900722	608	1901330	217
minus-square3	1901547	139	1901686	166
minus3	1901852	85	1901937	165
mirror	1902102	646	1902748	592
mirror-left	1903340	1141	1904481	987
mirror-right	1905468	1147	1906615	1009
mirror2	1907624	531	1908155	365
mirror4	1908520	153	1908673	164
mirroring-screen	1908837	219	1909056	426
mobile	1909482	940	1910422	578
mobile-off	1911000	1068	1912068	726
mobile-programming	1912794	227	1913021	603
mobile3	1913624	210	1913834	216
money	1914050	212	1914262	241
money-add	1914503	316	1914819	461
money-bag	1915280	1222	1916502	812
money-bill	1917314	992	1918306	594
money-bill-coin	1918900	484	1919384	632
money-bills	1920016	1558	1921574	1152
money-change	1922726	308	1923034	703
money-forbidden	1923737	301	1924038	436
money-plus	1924474	1007	1925481	733
money-plus2	1926214	962	1927176	671
money-receive	1927847	1424	1929271	1017
money-recive	1930288	259	1930547	752
money-remove	1931299	322	1931621	540
money-send	1932161	1412	1933573	945
money-send3	1934518	256	1934774	608
money-stack	1935382	918	1936300	355
money-tick	1936655	316	1936971	456
money-time	1937427	287	1937714	427
money-wave	1938141	1473	1939614	1099
money-withdraw	1940713	1313	1942026	786
money2	1942812	253	1943065	219
money3	1943284	213	1943497	241
money4	1943738	272	1944010	424
moneys	1944434	497	1944931	543
monitor	1945474	898	1946372	298
monitor-camera	1946670	1726	1948396	758
monitor-mobbile	1949154	277	1949431	386
monitor-phone	1949817	1366	1951183	583
monitor-recorder	1951766	320	1952086	412
monitor3	1952498	184	1952682	251
moon	1952933	374	1953307	187
moon-cloud	1953494	1008	1954502	491
moon-fog	1954993	1087	1956080	752
moon-sleep	1956832	672	1957504	523
moon-stars	1958027	887	1958914	588
moon3	1959502	258	1959760	313
more	1960073	203	1960276	231
more-circle	1960507	285	1960792	220
more-circle3	1961012	167	1961179	199
more-h	1961378	342	1961720	179
more-h-circle	1961899	383	1962282	337
more-square	1962619	663	1963282	271
more-square3	1963553	173	1963726	221
more-v-circle	1963947	392	1964339	341
more2	1964680	273	1964953	295
mortarboard-square	1965248	648	1965896	336
mortarboard-square2	1966232	956	1967188	684
mouse	1967872	334	1968206	214
mouse-circle	1968420	508	1968928	473
mouse-circle3	1969401	225	1969626	326
mouse-square	1969952	228	1970180	293
mouse2	1970473	235	1970708	184
mouse2-newicons	1970892	246	1971138	176
mouse4	1971314	204	1971518	320
msg-bubble-user	1971838	316	1972154	395
msg-smile	1972549	290	1972839	366
msg-writing	1973205	323	1973528	303
msgs	1973831	428	1974259	912
mug	1975171	920	1976091	379
music	1976470	638	1977108	366
music-circle	1977474	490	1977964	1045
music-dashboard	1979009	362	1979371	527
music-filter	1979898	351	1980249	588
music-lib	1980837	1812	1982649	1133
music-lib2	1983782	1287	1985069	786
music-library	1985855	489	1986344	549
music-note	1986893	799	1987692	502
music-note-sparkle	1988194	524	1988718	503
music-note-variant	1989221	253	1989474	271
music-note2	1989745	268	1990013	213
music-note3	1990226	1033	1991259	486
music-note4	1991745	1003	1992748	494
music-notes	1993242	1016	1994258	647
music-play	1994905	398	1995303	603
music-playlist	1995906	384	1996290	530
music-slider	1996820	1339	1998159	981
music-slider2	1999140	2086	2001226	1726
music-square	2002952	356	2003308	438
music-square-add	2003746	552	2004298	830
music-square-remove	2005128	563	2005691	795
music-square-search	2006486	461	2006947	641
music3	2007588	318	2007906	286
mute	2008192	1286	2009478	739
next	2010217	205	2010422	235
nightstand	2010657	1104	2011761	523
nightstand2	2012284	1030	2013314	446
nightstand3	2013760	813	2014573	408
nightstand4	2014981	968	2015949	504
nodes	2016453	400	2016853	622
note	2017475	275	2017750	719
note-add	2018469	256	2018725	723
note-favorite	2019448	410	2019858	568
note-remove	2020426	237	2020663	636
note-square	2021299	305	2021604	676
note-text	2022280	182	2022462	321
note2	2022783	194	2022977	426
note3	2023403	442	2023845	391
note4	2024236	406	2024642	594
notebook	2025236	984	2026220	527
notebook-bookmark	2026747	1319	2028066	1047
notebook-square	2029113	1227	2030340	492
notebook2	2030832	1044	2031876	753
notebook3	2032629	746	2033375	412
notes	2033787	1662	2035449	807
notes2	2036256	1879	2038135	1036
notif-remove	2039171	683	2039854	601
notif-remove2	2040455	788	2041243	703
notif-unread	2041946	616	2042562	267
notif-unread2	2042829	710	2043539	396
notification	2043935	240	2044175	327
notification-bing	2044502	322	2044824	606
notification-circle	2045430	203	2045633	211
notification-favorite	2045844	295	2046139	663
notification-status	2046802	192	2046994	678
notification2	2047672	179	2047851	581
notification3	2048432	395	2048827	411
object-scan	2049238	1897	2051135	1724
office	2052859	320	2053179	489
omega-circle	2053668	256	2053924	381
omega-circle2	2054305	256	2054561	256
omega-square	2054817	256	2055073	393
omega-square2	2055466	256	2055722	256
ordered-list	2055978	265	2056243	493
oven-mitts	2056736	846	2057582	489
oven-mitts2	2058071	946	2059017	445
package	2059462	394	2059856	642
page	2060498	1149	2061647	897
paint-roller	2062544	2102	2064646	1008
paintbrush	2065654	253	2065907	340
paintbucket	2066247	294	2066541	670
palette	2067211	1641	2068852	687
palette2	2069539	1030	2070569	436
palette3	2071005	490	2071495	404
panorama	2071899	1211	2073110	781
paper-plane	2073891	256	2074147	272
paperclip	2074419	485	2074904	485
paperclip2	2075389	1325	2076714	1325
paperclip2-newicons	2078039	223	2078262	391
paperclip3	2078653	978	2079631	964
paperclip4	2080595	429	2081024	507
paperclip6	2081531	167	2081698	304
paragraph-spacing	2082002	368	2082370	368
parking	2082738	800	2083538	531
passport	2084069	555	2084624	461
passport2	2085085	515	2085600	408
password	2086008	1338	2087346	901
password-alt	2088247	728	2088975	293
password-check	2089268	261	2089529	497
password2	2090026	210	2090236	367
password3	2090603	899	2091502	350
path	2091852	281	2092133	439
path-square	2092572	315	2092887	310
path2	2093197	269	2093466	397
pause	2093863	972	2094835	235
pause-circle	2095070	1235	2096305	400
pause-circle3	2096705	273	2096978	250
pause3	2097228	219	2097447	195
paw	2097642	2266	2099908	673
pen	2100581	743	2101324	502
pen-add	2101826	462	2102288	670
pen-add2	2102958	462	2103420	462
pen-circle	2103882	841	2104723	763
pen-close	2105486	466	2105952	736
pen-close2	2106688	466	2107154	466
pen-line	2107620	1107	2108727	902
pen-nib	2109629	1279	2110908	1137
pen-nib2	2112045	468	2112513	869
pen-remove	2113382	451	2113833	606
pen-remove2	2114439	451	2114890	451
pen-sparkle	2115341	474	2115815	493
pen-square	2116308	1157	2117465	797
pen-tool	2118262	501	2118763	601
pen-tool2	2119364	501	2119865	501
pen-tool3	2120366	497	2120863	497
pen-tool4	2121360	497	2121857	555
pen-writing	2122412	271	2122683	412
pen-writing2	2123095	394	2123489	663
pen2	2124152	787	2124939	582
pen2-text-formatting	2125521	235	2125756	373
people	2126129	492	2126621	541
percent-circle	2127162	425	2127587	369
percent-square	2127956	840	2128796	554
percent-tag	2129350	1337	2130687	754
percentage-circle	2131441	295	2131736	277
percentage-square	2132013	293	2132306	300
perfume	2132606	1655	2134261	1049
personalcard	2135310	285	2135595	403
pet	2135998	408	2136406	460
pharagraphspacing	2136866	151	2137017	384
phone	2137401	967	2138368	347
phone-cancel	2138715	1145	2139860	416
phone-cancel2	2140276	855	2141131	529
phone-chat	2141660	1311	2142971	499
phone-chat2	2143470	1018	2144488	489
phone-dropped	2144977	1338	2146315	449
phone-dropped2	2146764	1022	2147786	437
phone-end	2148223	780	2149003	271
phone-end2	2149274	568	2149842	254
phone-hangup	2150096	1117	2151213	546
phone-incoming	2151759	1120	2152879	414
phone-incoming2	2153293	826	2154119	400
phone-medical	2154519	1438	2155957	671
phone-medical2	2156628	1140	2157768	659
phone-off	2158427	1875	2160302	940
phone-outgoing	2161242	1117	2162359	413
phone-outgoing2	2162772	824	2163596	400
phone-ring	2163996	1980	2165976	1322
phone-ring2	2167298	1603	2168901	1307
phone-rotate	2170208	1362	2171570	823
phone-rotate2	2172393	1338	2173731	825
phone-rotate3	2174556	1111	2175667	844
phone-update	2176511	1324	2177835	1026
phone-vibrate	2178861	1251	2180112	804
phone2	2180916	688	2181604	333
phone3	2181937	663	2182600	452
phone4	2183052	757	2183809	288
picture-frame	2184097	157	2184254	308
pie	2184562	579	2185141	400
pie2	2185541	1299	2186840	473
pie3	2187313	1164	2188477	538
pill	2189015	460	2189475	485
pill-jar	2189960	1481	2191441	691
pill-jar2	2192132	1805	2193937	1076
pills	2195013	741	2195754	705
pills2	2196459	520	2196979	307
pills3	2197286	938	2198224	709
pin	2198933	447	2199380	215
pin-add	2199595	463	2200058	297
pin-hospital	2200355	560	2200915	426
pin-off	2201341	894	2202235	512
pin-remove	2202747	397	2203144	228
pin-rotate	2203372	977	2204349	768
pin-school	2205117	709	2205826	550
pin-search	2206376	558	2206934	383
pin-star	2207317	826	2208143	268
pin-tack	2208411	261	2208672	311
pin-wave	2208983	636	2209619	348
pin2	2209967	481	2210448	287
pip	2210735	1039	2211774	378
pip2	2212152	1310	2213462	433
pipette	2213895	1392	2215287	707
pizza-slice	2215994	378	2216372	473
plane	2216845	955	2217800	373
plane2	2218173	1432	2219605	621
plane3	2220226	1018	2221244	462
planet	2221706	836	2222542	792
planet2	2223334	1657	2224991	1390
planet3	2226381	1121	2227502	1392
planet4	2228894	1456	2230350	1701
plate	2232051	882	2232933	723
play	2233656	260	2233916	151
play-add	2234067	440	2234507	578
play-circle	2235085	400	2235485	212
play-circle3	2235697	266	2235963	245
play-cricle	2236208	352	2236560	667
play-remove	2237227	467	2237694	653
play-stream	2238347	1605	2239952	1009
play3	2240961	195	2241156	257
playback-speed	2241413	876	2242289	706
playlist	2242995	852	2243847	443
playlist2	2244290	1272	2245562	692
playlist3	2246254	829	2247083	404
playlist4	2247487	461	2247948	425
playlist5	2248373	1235	2249608	649
plug	2250257	327	2250584	266
plug-circle	2250850	498	2251348	282
plug2	2251630	322	2251952	396
plus	2252348	165	2252513	149
plus-circle	2252662	277	2252939	225
plus-circle2	2253164	355	2253519	310
plus-minus	2253829	772	2254601	392
plus-square	2254993	652	2255645	269
podcast	2255914	699	2256613	587
pointer	2257200	206	2257406	236
poll	2257642	816	2258458	527
poll-notif	2258985	946	2259931	749
power	2260680	326	2261006	400
power-off	2261406	338	2261744	321
presentation	2262065	984	2263049	659
presentation-play	2263708	905	2264613	582
presentation-screen	2265195	183	2265378	341
presentation2	2265719	652	2266371	425
presention-chart	2266796	232	2267028	444
previous	2267472	204	2267676	234
print	2267910	258	2268168	256
printer	2268424	1276	2269700	656
printer-slash	2270356	284	2270640	576
printer2	2271216	1169	2272385	548
printer3	2272933	1215	2274148	571
printer5	2274719	237	2274956	387
profile	2275343	248	2275591	278
profile-add	2275869	261	2276130	414
profile-circle	2276544	302	2276846	701
profile-delete	2277547	264	2277811	450
profile-remove	2278261	243	2278504	351
profile-tick	2278855	264	2279119	400
profile2user	2279519	354	2279873	559
programming	2280432	888	2281320	494
programming-arrow	2281814	271	2282085	377
programming-arrows	2282462	248	2282710	525
progress-bar	2283235	258	2283493	281
projector	2283774	1236	2285010	676
pulse	2285686	1284	2286970	884
pulse2	2287854	1253	2289107	727
puzzle	2289834	552	2290386	318
puzzle-piece	2290704	323	2291027	419
qr	2291446	2918	2294364	2102
quote-down	2296466	272	2296738	303
quote-down-circle	2297041	301	2297342	341
quote-down-square	2297683	297	2297980	362
quote-up	2298342	268	2298610	330
quote-up-circle	2298940	310	2299250	335
quote-up-square	2299585	304	2299889	354
radar	2300243	499	2300742	464
radar2	2301206	732	2301938	609
radar2-newicons	2302547	263	2302810	296
radar3	2303106	239	2303345	433
radar4	2303778	163	2303941	641
radio	2304582	1064	2305646	562
radio2	2306208	981	2307189	505
radio4	2307694	215	2307909	345
ram	2308254	283	2308537	424
ram2	2308961	312	2309273	918
ranking	2310191	2451	2312642	691
ranking2	2313333	453	2313786	559
ranking3	2314345	349	2314694	446
receipt	2315140	947	2316087	612
receipt-add	2316699	325	2317024	424
receipt-discount	2317448	336	2317784	485
receipt-disscount	2318269	264	2318533	350
receipt-edit	2318883	378	2319261	322
receipt-item	2319583	326	2319909	479
receipt-minus	2320388	305	2320693	366
receipt-search	2321059	267	2321326	314
receipt-square	2321640	289	2321929	238
receipt-text	2322167	320	2322487	412
receipt2	2322899	242	2323141	293
receipt3	2323434	300	2323734	310
receipt4	2324044	457	2324501	473
receipt5	2324974	263	2325237	365
receive-square	2325602	764	2326366	374
receive-square2	2326740	896	2327636	529
receive-square2-newicons	2328165	200	2328365	359
receive-square4	2328724	179	2328903	363
received	2329266	138	2329404	290
record	2329694	167	2329861	54
record-audio	2329915	251	2330166	214
record-circle	2330380	370	2330750	326
record-circle3	2331076	214	2331290	173
record-square	2331463	744	2332207	370
record2	2332577	303	2332880	186
record4	2333066	141	2333207	296
recovery-convert	2333503	286	2333789	490
redo	2334279	609	2334888	609
redo-circle	2335497	281	2335778	281
redo-circle-square	2336059	821	2336880	432
redo-square	2337312	1170	2338482	776
redo3	2339258	183	2339441	307
reel	2339748	548	2340296	323
reel2	2340619	457	2341076	420
refresh	2341496	608	2342104	577
refresh-circle	2342681	764	2343445	623
refresh-circle3	2344068	298	2344366	451
refresh-left-square	2344817	243	2345060	485
refresh-right-square	2345545	250	2345795	492
refresh-square	2346287	1153	2347440	674
refresh-square2	2348114	211	2348325	511
refresh2	2348836	276	2349112	632
refresh2-newicons	2349744	154	2349898	450
refresh3	2350348	175	2350523	707
registered	2351230	484	2351714	419
remote	2352133	1011	2353144	524
remote2	2353668	998	2354666	514
remote3	2355180	926	2356106	440
reorder	2356546	269	2356815	337
reorder2	2357152	2244	2359396	955
repeat	2360351	442	2360793	442
repeat-circle	2361235	256	2361491	474
repeat-one	2361965	562	2362527	562
repeat-one2	2363089	487	2363576	586
repeat3	2364162	210	2364372	557
repeate-music	2364929	227	2365156	514
repeate-one	2365670	237	2365907	588
reply	2366495	311	2366806	311
reply2	2367117	318	2367435	318
res4k	2367753	853	2368606	467
reserve	2369073	308	2369381	338
restart	2369719	404	2370123	410
restart-circle	2370533	488	2371021	471
restart-square	2371492	873	2372365	513
revote	2372878	930	2373808	953
rewind	2374761	606	2375367	219
rewind-circle	2375586	498	2376084	369
rewind10s	2376453	617	2377070	658
rewind15s	2377728	697	2378425	719
rewind5s	2379144	560	2379704	573
roadmap	2380277	249	2380526	404
rocket	2380930	2316	2383246	979
rocket2	2384225	2871	2387096	1651
rolling-pin	2388747	1193	2389940	749
rotate-left	2390689	224	2390913	411
rotate-left2	2391324	179	2391503	262
rotate-right	2391765	213	2391978	418
rotate-right2	2392396	168	2392564	237
rotation	2392801	304	2393105	537
route	2393642	826	2394468	446
route-square	2394914	256	2395170	215
route-track	2395385	644	2396029	581
router	2396610	1295	2397905	861
router2	2398766	1023	2399789	643
router3	2400432	885	2401317	800
routing	2402117	407	2402524	344
routing2	2402868	774	2403642	609
routing2-newicons	2404251	299	2404550	479
routing3	2405029	506	2405535	384
routing5	2405919	322	2406241	540
row-horizontal	2406781	209	2406990	171
row-vertical	2407161	207	2407368	174
ruble	2407542	533	2408075	475
rugby	2408550	822	2409372	668
ruler	2410040	879	2410919	615
ruler-pen	2411534	1651	2413185	686
ruler-pen2	2413871	1316	2415187	641
ruler-pen4	2415828	282	2416110	571
ruler2	2416681	1347	2418028	491
ruler4	2418519	169	2418688	310
run	2418998	1248	2420246	1209
run2	2421455	1299	2422754	1260
run3	2424014	1072	2425086	1019
sack-dollar	2426105	1122	2427227	988
sad-circle	2428215	407	2428622	356
sad-square	2428978	792	2429770	398
safe	2430168	1385	2431553	1036
safe-circle	2432589	662	2433251	623
safe-home	2433874	382	2434256	393
safe-square	2434649	921	2435570	558
sagittarius	2436128	128	2436256	325
sale	2436581	2133	2438714	1020
sale-square	2439734	709	2440443	320
satellite	2440763	667	2441430	796
save	2442226	355	2442581	298
save-add	2442879	302	2443181	411
save-minus	2443592	296	2443888	348
save-remove	2444236	317	2444553	461
scale	2445014	796	2445810	474
scale2	2446284	1080	2447364	493
scan	2447857	225	2448082	621
scan-barcode	2448703	321	2449024	481
scanner	2449505	888	2450393	1103
scanner2	2451496	1252	2452748	1328
scanner4	2454076	152	2454228	368
scanning	2454596	339	2454935	526
scissor	2455461	204	2455665	356
scissor2	2456021	204	2456225	360
scissor3	2456585	293	2456878	293
scissors	2457171	513	2457684	333
scissors-coupon	2458017	323	2458340	762
scissors-square	2459102	923	2460025	445
scooter	2460470	1366	2461836	829
scooter2	2462665	714	2463379	604
screen-share	2463983	1117	2465100	505
screencast	2465605	746	2466351	482
screencast2	2466833	1273	2468106	581
screenmirroring	2468687	190	2468877	170
scribble	2469047	275	2469322	640
scroll	2469962	218	2470180	318
sd-card	2470498	882	2471380	419
search	2471799	243	2472042	203
search-bug	2472245	719	2472964	739
search-bug2	2473703	723	2474426	812
search-bug3	2475238	1158	2476396	998
search-favorite	2477394	305	2477699	357
search-favorite2	2478056	252	2478308	296
search-minus	2478604	296	2478900	278
search-minus2	2479178	298	2479476	531
search-minus3	2480007	725	2480732	287
search-minus4	2481019	361	2481380	258
search-normal	2481638	204	2481842	228
search-normal2	2482070	148	2482218	209
search-plus	2482427	346	2482773	325
search-plus2	2483098	347	2483445	337
search-plus3	2483782	776	2484558	618
search-plus4	2485176	404	2485580	307
search-status	2485887	144	2486031	303
search-status2	2486334	204	2486538	371
search-zoom-in	2486909	173	2487082	329
search-zoom-in2	2487411	228	2487639	313
search-zoom-out	2487952	218	2488170	282
search-zoom-out2	2488452	159	2488611	260
search2	2488871	244	2489115	208
search3	2489323	676	2489999	452
search4	2490451	296	2490747	290
security	2491037	223	2491260	303
security-card	2491563	466	2492029	515
security-safe	2492544	299	2492843	299
security-time	2493142	341	2493483	445
security-user	2493928	385	2494313	418
send	2494731	447	2495178	252
send-clock	2495430	782	2496212	611
send-sqaure	2496823	196	2497019	374
send-square	2497393	763	2498156	374
send-square2	2498530	901	2499431	521
send-square4	2499952	179	2500131	370
send2	2500501	218	2500719	250
send3	2500969	135	2501104	277
send4	2501381	209	2501590	254
server	2501844	1268	2503112	427
server-cloud	2503539	1264	2504803	754
server-path	2505557	642	2506199	585
server-square	2506784	895	2507679	484
server-update	2508163	1301	2509464	998
server2	2510462	1247	2511709	539
server3	2512248	1622	2513870	1158
server4	2515028	1463	2516491	869
setting	2517360	248	2517608	284
setting2	2517892	486	2518378	443
setting3	2518821	331	2519152	489
setting4	2519641	234	2519875	432
setting5	2520307	152	2520459	521
settings	2520980	1093	2522073	371
settings2	2522444	2562	2525006	1059
settings4	2526065	156	2526221	200
shapes	2526421	260	2526681	261
shapes2	2526942	255	2527197	273
shapes3	2527470	255	2527725	317
shapes4	2528042	234	2528276	234
share	2528510	540	2529050	404
share-circle	2529454	758	2530212	564
share3	2530776	393	2531169	664
shield	2531833	1052	2532885	337
shield-alert	2533222	1087	2534309	387
shield-check	2534696	1163	2535859	442
shield-cross	2536301	294	2536595	426
shield-lock	2537021	1229	2538250	374
shield-lock2	2538624	1355	2539979	631
shield-minus	2540610	1057	2541667	342
shield-network	2542009	1960	2543969	1248
shield-off	2545217	872	2546089	577
shield-plus	2546666	1105	2547771	392
shield-search	2548163	293	2548456	578
shield-security	2549034	319	2549353	311
shield-slash	2549664	275	2549939	382
shield-star	2550321	2719	2553040	751
shield-tick	2553791	275	2554066	338
shield-up	2554404	1233	2555637	514
shield-user	2556151	1468	2557619	374
shield-x	2557993	1156	2559149	441
shield2	2559590	1031	2560621	273
shield4	2560894	251	2561145	265
ship	2561410	326	2561736	341
shock-absorber	2562077	1906	2563983	998
shop	2564981	1481	2566462	619
shop-add	2567081	604	2567685	659
shop-remove	2568344	592	2568936	570
shop2	2569506	1528	2571034	609
shop3	2571643	1188	2572831	438
shop5	2573269	349	2573618	692
shopping-bag	2574310	227	2574537	322
shopping-cart	2574859	310	2575169	395
shuffle	2575564	1146	2576710	1240
shuffle3	2577950	282	2578232	762
side-profile	2578994	264	2579258	321
sidebar	2579579	890	2580469	348
sidebar-bottom	2580817	182	2580999	334
sidebar-code	2581333	1064	2582397	532
sidebar-left	2582929	767	2583696	912
sidebar-left2	2584608	186	2584794	339
sidebar-right	2585133	761	2585894	909
sidebar-right2	2586803	186	2586989	330
sidebar-top	2587319	184	2587503	344
sidebar2	2587847	770	2588617	253
signal	2588870	865	2589735	662
signal-circle	2590397	474	2590871	426
signal-square	2591297	854	2592151	474
signal-stream	2592625	760	2593385	678
signal2	2594063	212	2594275	337
signpost	2594612	1885	2596497	743
signpost2	2597240	1995	2599235	840
signpost4	2600075	331	2600406	330
sim	2600736	1449	2602185	489
sim2	2602674	1222	2603896	448
sim3	2604344	1637	2605981	576
simcard	2606557	220	2606777	315
simcard2	2607092	245	2607337	352
simcard3	2607689	328	2608017	334
siren	2608351	964	2609315	635
siren2	2609950	672	2610622	585
sitemap	2611207	228	2611435	232
size	2611667	226	2611893	265
skateboard	2612158	424	2612582	393
skateboarding	2612975	1210	2614185	1141
skateboarding2	2615326	1072	2616398	995
skip-next	2617393	453	2617846	214
skip-prev	2618060	443	2618503	211
skirt	2618714	891	2619605	413
slash	2620018	154	2620172	338
slash-circle	2620510	299	2620809	242
slash-square	2621051	677	2621728	282
sledgehammer	2622010	1475	2623485	517
sleeping	2624002	583	2624585	352
sleeping-circle	2624937	968	2625905	1269
sleeping-square	2627174	1293	2628467	1201
slider	2629668	164	2629832	270
slider-h	2630102	1348	2631450	781
slider-h2	2632231	725	2632956	331
slider-horizontal	2633287	365	2633652	253
slider-horizontal2	2633905	227	2634132	239
slider-v	2634371	1324	2635695	764
slider-v2	2636459	710	2637169	325
slider-vertical	2637494	349	2637843	259
slider-vertical2	2638102	230	2638332	235
sliders	2638567	407	2638974	287
smallcaps	2639261	244	2639505	520
smart-car	2640025	465	2640490	845
smart-home	2641335	1033	2642368	595
smart-home2	2642963	1098	2644061	540
smart-home4	2644601	299	2644900	535
smart-speaker	2645435	1341	2646776	1106
smart-speaker2	2647882	1233	2649115	725
smart-speaker3	2649840	771	2650611	511
smartwatch	2651122	1156	2652278	866
smile-circle	2653144	404	2653548	353
smile-square	2653901	791	2654692	394
smileys	2655086	436	2655522	802
sms	2656324	185	2656509	239
sms-edit	2656748	328	2657076	464
sms-notification	2657540	239	2657779	360
sms-search	2658139	246	2658385	443
sms-star	2658828	419	2659247	582
sms-tracking	2659829	189	2660018	455
snowflake	2660473	1005	2661478	1005
socket	2662483	807	2663290	429
sofa	2663719	726	2664445	438
sofa2	2664883	746	2665629	450
sofa3	2666079	696	2666775	329
sort	2667104	246	2667350	312
sort-alpha	2667662	392	2668054	392
sort-asc	2668446	259	2668705	363
sort-desc	2669068	337	2669405	337
sort-down	2669742	359	2670101	340
sort-down-up	2670441	371	2670812	216
sort-h	2671028	433	2671461	395
sort-time	2671856	421	2672277	374
sort-up	2672651	360	2673011	337
sort-v	2673348	420	2673768	398
sort3	2674166	108	2674274	270
sound	2674544	127	2674671	315
soundwave	2674986	324	2675310	324
soundwave-circle	2675634	318	2675952	274
soundwave-square	2676226	698	2676924	320
sparkle	2677244	289	2677533	319
sparkles	2677852	2384	2680236	1564
speaker	2681800	816	2682616	406
speaker2	2683022	760	2683782	344
speaker4	2684126	248	2684374	249
speed-low	2684623	995	2685618	660
speed-max	2686278	892	2687170	653
speed-mid	2687823	901	2688724	633
speedometer	2689357	1171	2690528	875
speedometer3	2691403	286	2691689	364
square-arrow-down	2692053	683	2692736	321
square-arrow-down2	2693057	656	2693713	294
square-arrow-left	2694007	683	2694690	320
square-arrow-left-down	2695010	705	2695715	325
square-arrow-left-up	2696040	670	2696710	289
square-arrow-left2	2696999	662	2697661	297
square-arrow-right	2697958	688	2698646	325
square-arrow-right-down	2698971	668	2699639	292
square-arrow-right-up	2699931	703	2700634	325
square-arrow-right2	2700959	661	2701620	295
square-arrow-up	2701915	683	2702598	319
square-arrow-up2	2702917	661	2703578	296
square-arrows-down	2703874	729	2704603	349
square-arrows-left	2704952	731	2705683	351
square-arrows-right	2706034	735	2706769	355
square-arrows-up	2707124	726	2707850	355
square-bottom-down	2708205	756	2708961	425
square-bottom-up	2709386	763	2710149	383
square-dotted-arrow-bottom-right	2710532	216	2710748	267
square-forward	2711015	352	2711367	762
square-minus	2712129	151	2712280	174
square-plus	2712454	164	2712618	206
square-share	2712824	925	2713749	646
square-sort-h	2714395	880	2715275	501
square-sort-v	2715776	872	2716648	502
square-top-down	2717150	608	2717758	429
square-top-up	2718187	610	2718797	388
square-transfer-h	2719185	819	2720004	436
square-transfer-v	2720440	826	2721266	433
squares	2721699	1217	2722916	573
ssd	2723489	691	2724180	546
ssd2	2724726	1157	2725883	736
stack-perspective	2726619	322	2726941	566
star	2727507	1657	2729164	543
star-circle	2729707	1802	2731509	591
star-fall	2732100	2940	2735040	1305
star-fall2	2736345	2190	2738535	863
star-fall3	2739398	2395	2741793	981
star-fall4	2742774	2249	2745023	1124
star-off	2746147	853	2747000	500
star-rainbow	2747500	3017	2750517	1125
star-ring	2751642	3641	2755283	2185
star-rings	2757468	1582	2759050	2602
star-shine	2761652	2668	2764320	1047
star-slash	2765367	337	2765704	540
star-sparkle	2766244	477	2766721	605
star-square	2767326	1038	2768364	572
star2	2768936	593	2769529	593
star2-newicons	2770122	350	2770472	461
star3	2770933	933	2771866	1493
star5	2773359	365	2773724	453
stars	2774177	601	2774778	382
stars2	2775160	3726	2778886	1290
stars3	2780176	2903	2783079	1209
stars4	2784288	2748	2787036	909
station	2787945	1266	2789211	1078
station2	2790289	854	2791143	803
status	2791946	206	2792152	471
status-up	2792623	235	2792858	521
stethoscope	2793379	724	2794103	683
sticker	2794786	325	2795111	274
sticker-circle	2795385	349	2795734	351
sticker-smile	2796085	654	2796739	650
sticker-smile2	2797389	532	2797921	618
sticker-smile3	2798539	904	2799443	697
sticker-square	2800140	614	2800754	443
stickynote	2801197	206	2801403	1021
stop	2802424	546	2802970	145
stop-circle	2803115	621	2803736	205
stop-circle3	2803941	223	2804164	191
stop3	2804355	140	2804495	229
stopwatch	2804724	286	2805010	242
stopwatch-off	2805252	723	2805975	575
stopwatch-pause	2806550	1588	2808138	516
stopwatch-play	2808654	1074	2809728	443
store	2810171	742	2810913	1024
story	2811937	292	2812229	630
stream	2812859	1337	2814196	560
streets	2814756	595	2815351	199
streets-nav	2815550	1668	2817218	681
streets-pin	2817899	845	2818744	410
stretching	2819154	675	2819829	624
stretching2	2820453	719	2821172	668
strongbox	2821840	324	2822164	299
strongbox2	2822463	248	2822711	343
structure	2823054	466	2823520	475
subscription	2823995	309	2824304	816
subtitle	2825120	175	2825295	326
subtitles	2825621	907	2826528	452
suitcase	2826980	1028	2828008	606
suitcase-tag	2828614	1416	2830030	1021
suitcase2	2831051	262	2831313	357
suitcase2-nature	2831670	1220	2832890	650
sun	2833540	633	2834173	593
sun-fog	2834766	246	2835012	598
sun-fog3	2835610	215	2835825	560
sun2	2836385	721	2837106	683
sun2-newicons	2837789	217	2838006	565
sun4	2838571	321	2838892	982
sunrise	2839874	749	2840623	695
sunset	2841318	769	2842087	711
suspension	2842798	1778	2844576	629
suspension-bolt	2845205	2029	2847234	882
suspension-x	2848116	2013	2850129	877
swimming	2851006	1063	2852069	897
syringe	2852966	1068	2854034	567
tablet	2854601	651	2855252	246
tag	2855498	1103	2856601	447
tag-cross	2857048	239	2857287	331
tag-price	2857618	1432	2859050	766
tag-right	2859816	265	2860081	332
tag-user	2860413	387	2860800	304
tag2	2861104	996	2862100	354
tag2-newicons	2862454	334	2862788	336
tag3	2863124	1225	2864349	648
tag5	2864997	272	2865269	255
tags	2865524	253	2865777	373
target	2866150	385	2866535	362
task	2866897	139	2867036	560
task-square	2867596	199	2867795	361
tasks	2868156	277	2868433	600
tea-cup	2869033	1251	2870284	904
teacher	2871188	275	2871463	370
telescope	2871833	2135	2873968	1088
temperature	2875056	515	2875571	334
tennis	2875905	800	2876705	854
tennis2	2877559	1684	2879243	1692
terminal-circle	2880935	433	2881368	383
terminal-square	2881751	849	2882600	563
test-tube	2883163	859	2884022	575
test-tube2	2884597	489	2885086	385
text	2885471	473	2885944	554
text-block	2886498	174	2886672	257
text-bold	2886929	218	2887147	404
text-circle	2887551	702	2888253	645
text-highlight	2888898	376	2889274	470
text-input	2889744	1059	2890803	625
text-input-focus	2891428	1234	2892662	711
text-italic	2893373	128	2893501	337
text-select	2893838	543	2894381	555
text-square	2894936	1083	2896019	691
text-square2	2896710	825	2897535	750
text-tool	2898285	285	2898570	434
text-underline	2899004	130	2899134	362
text-x	2899496	583	2900079	582
text-x-circle	2900661	798	2901459	739
text-x-square	2902198	1181	2903379	785
text3	2904164	181	2904345	385
textalign-center	2904730	118	2904848	261
textalign-justifycenter	2905109	101	2905210	214
textalign-justifyleft	2905424	104	2905528	228
textalign-justifyright	2905756	104	2905860	228
textalign-left	2906088	108	2906196	232
textalign-right	2906428	108	2906536	247
thermometer	2906783	817	2907600	584
three-d-cube	2908184	341	2908525	470
three-d-cube-scan	2908995	337	2909332	626
three-d-rotate	2909958	307	2910265	727
three-d-square	2910992	337	2911329	511
three-square	2911840	252	2912092	248
thumbs-down	2912340	1557	2913897	1006
thumbs-down-circle	2914903	1545	2916448	745
thumbs-up	2917193	1598	2918791	991
thumbs-up-circle	2919782	1523	2921305	721
thumbtack	2922026	1395	2923421	524
thumbtack-circle	2923945	1617	2925562	591
thumbtack-list	2926153	1619	2927772	812
thumbtack2	2928584	1426	2930010	769
tick-circle	2930779	154	2930933	203
tick-square	2931136	161	2931297	226
ticker-star	2931523	2182	2933705	812
ticket	2934517	2855	2937372	685
ticket-alt	2938057	215	2938272	313
ticket-discount	2938585	229	2938814	430
ticket-expired	2939244	322	2939566	483
ticket-percent	2940049	1135	2941184	730
ticket-sale	2941914	1676	2943590	645
ticket-star	2944235	439	2944674	614
ticket2	2945288	1074	2946362	682
ticket3	2947044	250	2947294	241
ticket3-newicons	2947535	343	2947878	496
time-back	2948374	544	2948918	522
time-fwd	2949440	538	2949978	515
timer	2950493	183	2950676	362
timer-alt	2951038	166	2951204	387
timer-pause	2951591	175	2951766	504
timer-start	2952270	249	2952519	508
timer2	2953027	179	2953206	273
to-pip	2953479	1157	2954636	512
toggle	2955148	168	2955316	257
toggle-off	2955573	199	2955772	211
toggle-off-circle	2955983	189	2956172	182
toggle-on	2956354	201	2956555	211
toggle-on-circle	2956766	192	2956958	180
tornado	2957138	2637	2959775	2623
tornado2	2962398	2393	2964791	2631
tower	2967422	807	2968229	728
trade	2968957	333	2969290	334
traffic	2969624	625	2970249	713
traffic2	2970962	740	2971702	814
tram	2972516	1204	2973720	592
transaction-minus	2974312	267	2974579	253
transfer-h	2974832	369	2975201	331
transfer-v	2975532	363	2975895	335
translate	2976230	877	2977107	791
translate2	2977898	1182	2979080	709
translate4	2979789	386	2980175	802
trash	2980977	1298	2982275	654
trash2	2982929	1126	2984055	542
trash3	2984597	910	2985507	618
trash4	2986125	724	2986849	398
trash5	2987247	1263	2988510	773
trash6	2989283	1274	2990557	790
trash7	2991347	1167	2992514	645
trash9	2993159	274	2993433	509
treadmill	2993942	1199	2995141	1135
treadmill2	2996276	1205	2997481	1108
tree	2998589	248	2998837	253
trellis	2999090	1705	3000795	871
trend-down	3001666	171	3001837	341
trend-up	3002178	171	3002349	357
triangle	3002706	221	3002927	358
triangle-warning	3003285	278	3003563	350
trophy	3003913	756	3004669	600
truck	3005269	597	3005866	454
truck-fast	3006320	394	3006714	662
truck-remove	3007376	613	3007989	637
truck-tick	3008626	701	3009327	551
truck-time	3009878	556	3010434	540
truck3	3010974	376	3011350	448
trush-square	3011798	312	3012110	412
tshirt	3012522	1489	3014011	548
tuning	3014559	512	3015071	378
tuning-square	3015449	932	3016381	553
tuning-square2	3016934	926	3017860	557
tuning2	3018417	514	3018931	388
tuning3	3019319	665	3019984	478
tuning4	3020462	650	3021112	477
turntable	3021589	971	3022560	522
turntable-note	3023082	846	3023928	570
turntable2	3024498	928	3025426	564
tv	3025990	836	3026826	425
twenty-four-hour-support	3027251	404	3027655	677
ufo	3028332	996	3029328	692
ufo2	3030020	969	3030989	633
ufo3	3031622	1314	3032936	974
umbrella	3033910	523	3034433	563
underline	3034996	226	3035222	208
underline-circle	3035430	331	3035761	274
underline-x	3036035	703	3036738	317
undo	3037055	598	3037653	598
undo-circle	3038251	280	3038531	280
undo-circle-square	3038811	822	3039633	432
undo-square	3040065	1144	3041209	754
undo3	3041963	188	3042151	300
unlimited	3042451	249	3042700	520
unlock	3043220	884	3044104	538
unlock3	3044642	217	3044859	338
unordered-list	3045197	151	3045348	144
unread	3045492	248	3045740	339
upload	3046079	922	3047001	514
upload-square	3047515	762	3048277	372
upload-square2	3048649	901	3049550	518
upload-track	3050068	1319	3051387	1237
upload-track2	3052624	618	3053242	563
upload2	3053805	568	3054373	568
upload3	3054941	616	3055557	607
usb	3056164	1015	3057179	773
usb-circle	3057952	1061	3059013	806
usb-square	3059819	1440	3061259	852
user	3062111	594	3062705	138
user-add	3062843	825	3063668	539
user-add2	3064207	699	3064906	531
user-add4	3065437	359	3065796	391
user-ban	3066187	497	3066684	496
user-block	3067180	792	3067972	445
user-block2	3068417	621	3069038	359
user-check	3069397	849	3070246	544
user-check2	3070790	725	3071515	510
user-circle	3072025	493	3072518	288
user-cirlce-add	3072806	529	3073335	1071
user-edit	3074406	826	3075232	681
user-edit3	3075913	338	3076251	271
user-hand	3076522	751	3077273	501
user-hands	3077774	721	3078495	477
user-heart	3078972	1167	3080139	549
user-heart2	3080688	1014	3081702	507
user-id	3082209	1231	3083440	404
user-laptop	3083844	312	3084156	441
user-minus	3084597	738	3085335	485
user-minus2	3085820	613	3086433	475
user-minus4	3086908	350	3087258	328
user-octagon	3087586	330	3087916	327
user-off	3088243	540	3088783	397
user-remove	3089180	368	3089548	494
user-scan	3090042	1114	3091156	1010
user-search	3092166	340	3092506	460
user-search3	3092966	227	3093193	258
user-speak	3093451	1578	3095029	1148
user-speak2	3096177	1430	3097607	1145
user-square	3098752	908	3099660	623
user-square3	3100283	305	3100588	298
user-tag	3100886	352	3101238	295
user-tick	3101533	322	3101855	350
user-x	3102205	849	3103054	576
user-x2	3103630	730	3104360	548
user-x3	3104908	535	3105443	421
user2	3105864	433	3106297	77
user4	3106374	180	3106554	179
users	3106733	788	3107521	311
users-nearby	3107832	1418	3109250	687
users2	3109937	1019	3110956	517
users3	3111473	580	3112053	391
vacuum	3112444	582	3113026	597
vacuum2	3113623	438	3114061	459
vault	3114520	228	3114748	282
vector-square	3115030	499	3115529	289
verified	3115818	2073	3117891	937
verify	3118828	442	3119270	531
video	3119801	1011	3120812	542
video-add	3121354	493	3121847	773
video-circle	3122620	240	3122860	176
video-cut	3123036	1267	3124303	671
video-cut2	3124974	1436	3126410	604
video-frame	3127014	667	3127681	447
video-frame2	3128128	1334	3129462	567
video-horizontal	3130029	218	3130247	375
video-lib	3130622	1308	3131930	643
video-octagon	3132573	339	3132912	268
video-off	3133180	1174	3134354	716
video-play	3135070	276	3135346	324
video-play-h	3135670	1319	3136989	569
video-play-v	3137558	1216	3138774	568
video-remove	3139342	464	3139806	785
video-replace	3140591	2179	3142770	1284
video-slash	3144054	280	3144334	478
video-square	3144812	239	3145051	194
video-tick	3145245	414	3145659	704
video-time	3146363	356	3146719	657
video-vertical	3147376	231	3147607	368
video3	3147975	296	3148271	270
vinyl	3148541	564	3149105	418
vinyl2	3149523	469	3149992	427
virus	3150419	1513	3151932	1131
voice-cricle	3153063	179	3153242	337
voice-square	3153579	176	3153755	359
volleyball	3154114	797	3154911	685
volleyball2	3155596	876	3156472	738
volume	3157210	1299	3158509	489
volume-cross	3158998	261	3159259	459
volume-down	3159718	1669	3161387	974
volume-high	3162361	255	3162616	492
volume-knob	3163108	548	3163656	507
volume-low	3164163	235	3164398	302
volume-low2	3164700	245	3164945	388
volume-mute	3165333	222	3165555	250
volume-off	3165805	1462	3167267	1002
volume-slash	3168269	267	3168536	639
volume-up	3169175	2344	3171519	1536
volume-up3	3173055	244	3173299	356
volume-x	3173655	2032	3175687	1467
volume3	3177154	609	3177763	609
walk	3178372	1112	3179484	1069
walk2	3180553	832	3181385	780
wallet	3182165	1032	3183197	729
wallet-add	3183926	490	3184416	654
wallet-add2	3185070	688	3185758	626
wallet-add3	3186384	488	3186872	488
wallet-alt	3187360	1033	3188393	730
wallet-check	3189123	488	3189611	647
wallet-down	3190258	1119	3191377	1149
wallet-minus	3192526	1017	3193543	1047
wallet-minus3	3194590	673	3195263	556
wallet-money	3195819	1268	3197087	870
wallet-money3	3197957	617	3198574	346
wallet-plus	3198920	1023	3199943	1104
wallet-remove	3201047	516	3201563	740
wallet-search	3202303	361	3202664	601
wallet-up	3203265	1119	3204384	1164
wallet2	3205548	325	3205873	472
wallet2-newicons	3206345	352	3206697	391
wallet3	3207088	1169	3208257	765
wallet3-newicons	3209022	643	3209665	868
wallet4	3210533	324	3210857	460
wallet5	3211317	383	3211700	491
wallpaper	3212191	1467	3213658	1257
wand	3214915	1800	3216715	684
wand-sparkle	3217399	651	3218050	535
wand2	3218585	1714	3220299	652
wand3	3220951	1027	3221978	843
warehouse	3222821	1062	3223883	781
warning	3224664	258	3224922	408
washer	3225330	1065	3226395	589
washer2	3226984	1135	3228119	612
watch	3228731	993	3229724	610
watch-charge	3230334	961	3231295	526
watch-status	3231821	191	3232012	332
watch2	3232344	1532	3233876	674
watch3	3234550	896	3235446	435
watch5	3235881	182	3236063	279
water	3236342	914	3237256	914
water-sun	3238170	1181	3239351	1159
wave-pulse	3240510	395	3240905	388
weight	3241293	196	3241489	234
weight2	3241723	221	3241944	290
wheel	3242234	850	3243084	504
wheel2	3243588	985	3244573	446
whisk	3245019	1079	3246098	960
widget	3247058	1734	3248792	359
widget-add	3249151	1506	3250657	449
widget2	3251106	1222	3252328	357
widget3	3252685	422	3253107	256
widget4	3253363	1700	3255063	478
widget5	3255541	2409	3257950	637
widget6	3258587	1133	3259720	402
wifi	3260122	604	3260726	606
wifi-off	3261332	1003	3262335	1012
wifi-square	3263347	212	3263559	407
wifi3	3263966	195	3264161	549
wind	3264710	480	3265190	480
wind2	3265670	241	3265911	599
wind3	3266510	218	3266728	415
window	3267143	909	3268052	394
window-chart-line	3268446	234	3268680	493
window-expand-bottom-right	3269173	259	3269432	392
window-pointer	3269824	399	3270223	474
window2	3270697	917	3271614	581
wineglass	3272195	776	3272971	739
wineglass2	3273710	314	3274024	244
winrar	3274268	2244	3276512	975
wireless-charge	3277487	861	3278348	572
woman	3278920	157	3279077	194
x	3279271	200	3279471	200
x-circle	3279671	328	3279999	275
x-circle2	3280274	406	3280680	363
x-square	3281043	707	3281750	318
xmark	3282068	126	3282194	197
xxx	3282391	1156	3283547	769
zip	3284316	2320	3286636	459
